19.3524,-124.933,-0.0314159,1.281,-0.248298,-90973,-90917,-14.7646,-16.3157
19.3744,-124.932,-0.0010472,1.301,-0.122529,-90972,-90917,-14.501,-17.8836
19.3963,-124.932,-0.015708,1.338,-0.079999,-90973,-90919,-14.2373,-18.9463
19.4183,-124.932,0.00837758,1.198,-0.0463157,-90973,-90918,-14.501,-19.5534
19.4403,-124.933,-0.0178024,1.322,-0.0644383,-90972,-90917,-14.501,-20.4628
19.4623,-124.933,-0.0314159,1.36,-0.0303131,-90973,-90919,-14.2373,-20.8484
19.4844,-124.933,-0.00314159,1.297,-0.0138022,-90973,-90918,-14.501,-21.0208
19.5063,-124.932,-0.020944,1.378,-0.0128699,-90973,-90917,-14.7646,-21.1991
19.5283,-124.933,-0.0251327,1.307,0.00497402,-90973,-90916,-15.0283,-21.1121
19.5503,-124.933,-0.0408407,1.385,0.0253789,-90973,-90918,-14.501,-20.7409
19.5723,-124.933,-0.0261799,1.405,0.015734,-90973,-90915,-15.2919,-20.5333
19.5944,-124.933,-0.00314159,1.391,-0.0167924,-90973,-90915,-15.2919,-20.7976
19.6163,-124.934,-0.0366519,1.409,-0.117346,-90974,-90920,-14.2373,-22.5204
19.6383,-124.934,-0.0282743,1.404,0.0643402,-90974,-90919,-14.501,-21.4498
19.6604,-124.933,-0.0010472,1.363,-0.0550158,-90973,-90919,-14.2373,-22.3268
19.6824,-124.933,-0.00523599,1.43,-0.0811591,-90973,-90922,-13.4464,-23.476
19.7044,-124.934,0.0188496,1.431,0.0389221,-90974,-90920,-14.2373,-22.8171
19.7263,-124.934,-0.0230383,1.429,0.0827941,-90973,-90920,-13.9737,-21.6302
19.7484,-124.934,-0.00733038,1.472,0.0414026,-90974,-90920,-14.2373,-21.0972
19.7703,-124.934,-0.0198968,1.505,0.0666944,-90974,-90920,-14.2373,-20.1514
19.7923,-124.934,0.0251327,1.412,0.0137934,-90973,-90919,-14.2373,-20.0132
19.8143,-124.938,-0.0146608,1.479,-0.234283,-90976,-90922,-14.2373,-23.4998
19.8363,-124.934,0.0272271,1.413,0.12077,-90974,-90918,-14.7646,-21.4753
19.8583,-124.936,0.0303687,1.289,-0.123765,-90974,-90921,-13.9737,-23.4296
19.8803,-124.936,0.00942478,1.391,0.0697514,-90975,-90922,-13.9737,-22.2722
19.9023,-124.936,0.0115192,1.417,-0.032141,-90975,-90929,-12.1281,-22.8188
19.9244,-124.936,0.0146608,1.37,0.169294,-90973,-90922,-13.4464,-20.2769
19.9463,-124.936,0.0272271,1.391,-0.200075,-90974,-90919,-14.501,-23.4124
19.9684,-124.934,0.0293215,1.279,0.118205,-90975,-90928,-12.3917,-21.46
19.9904,-124.936,0.0115192,1.349,0.0983805,-90975,-90926,-12.919,-20.1196
20.0124,-124.937,-0.0125664,1.428,0.0600837,-90976,-90926,-13.1827,-19.3267
20.0344,-124.936,-0.00314159,1.354,0.0554577,-90976,-90924,-13.71,-18.5649
20.0563,-124.936,0.0115192,1.459,-0.0324774,-90973,-90921,-13.71,-19.1041
20.0784,-124.934,-0.010472,1.411,-0.0879238,-90974,-90920,-14.2373,-20.3738
20.1004,-124.934,-0.00837758,1.347,-0.0249908,-90974,-90921,-13.9737,-20.6552
20.1223,-124.936,-0.0387463,1.457,-0.00441488,-90974,-90921,-13.9737,-20.6965
20.1443,-124.94,0.00733038,1.483,0.317524,-90970,-90907,-16.6102,-15.9858
20.1663,-124.942,-0.0366519,1.445,-0.432903,-90978,-90921,-15.0283,-22.7234
20.1884,-124.938,0.0020944,1.41,0.247686,-90976,-90928,-12.6554,-18.6188
20.2103,-124.936,0.0293215,1.342,-0.099335,-90975,-90920,-14.501,-20.3403
20.2324,-124.934,0.00314159,1.316,-0.00541325,-90975,-90919,-14.7646,-20.3203
20.2543,-124.936,-0.0345575,1.476,-0.0960362,-90977,-90924,-13.9737,-21.739
20.2764,-124.938,0.0020944,1.317,0.143853,-90978,-90931,-12.3917,-19.5104
20.2984,-124.936,0.0251327,1.344,0.0710627,-90976,-90924,-13.71,-18.6008
20.3204,-124.934,0.0230383,1.414,-0.0195873,-90975,-90922,-13.9737,-18.9626
20.3424,-124.932,0.0146608,1.318,0.00884522,-90978,-90931,-12.3917,-18.8116
20.3644,-124.937,0.0136136,1.371,0.108137,-90976,-90924,-13.71,-17.2175
20.3864,-124.938,-0.0198968,1.39,-0.157398,-90977,-90914,-16.6102,-19.6577
20.4084,-124.934,-0.0115192,1.254,-0.00926722,-90977,-90924,-13.9737,-19.6381
20.4304,-124.937,-0.0178024,1.433,0.108049,-90975,-90921,-14.2373,-18.0272
20.4523,-124.936,0.0219911,1.304,-0.185744,-90975,-90924,-13.4464,-20.8893
20.4743,-124.936,0.0251327,1.309,0.0820078,-90975,-90922,-13.9737,-19.4882
20.4964,-124.936,0.0251327,1.298,-0.0439875,-90977,-90933,-11.6008,-20.2195
20.5183,-124.929,0.0356047,1.303,0.369307,-90972,-90931,-10.8098,-14.7024
20.5403,-124.945,0.00314159,1.444,-0.241908,-90976,-90920,-14.7646,-18.6583
20.5624,-124.938,-0.010472,1.348,-0.0185309,-90977,-90923,-14.2373,-18.6911
20.5844,-124.937,0.0387463,1.238,-0.110405,-90976,-90922,-14.2373,-20.3086
20.6064,-124.937,0.00523599,1.326,-0.102614,-90977,-90920,-15.0283,-21.7197
20.6284,-124.947,-0.0303687,1.256,0.281276,-90979,-90906,-19.2467,-17.447
20.6504,-124.937,-0.0335103,1.034,-0.232597,-90989,-90944,-11.8644,-21.176
20.6724,-124.937,0.0188496,1.195,0.376358,-90978,-90927,-13.4464,-15.3618
20.6944,-124.941,-0.00628319,1.289,-0.154401,-90976,-90910,-17.4012,-18.0254
20.7164,-124.932,-0.010472,1.094,0.0378985,-90976,-90922,-14.2373,-17.3092
20.7384,-124.938,-0.020944,1.316,-0.0743985,-90976,-90924,-13.71,-18.4507
20.7604,-124.947,-0.0240855,1.405,0.166599,-90976,-90912,-16.8739,-15.9066
20.7824,-124.938,-0.0282743,1.32,-0.326572,-90982,-90927,-14.501,-20.914
20.8044,-124.933,0.0345575,1.242,0.246626,-90973,-90928,-11.8644,-16.933
20.8264,-124.938,0.0136136,1.42,-0.0768106,-90973,-90917,-14.7646,-18.3188
20.8483,-124.938,-0.0219911,1.386,0.00766852,-90977,-90930,-12.3917,-18.1285
20.8703,-124.937,0.020944,1.289,0.149062,-90974,-90923,-13.4464,-15.9264
20.8924,-124.947,-0.00314159,1.402,-0.227395,-90979,-90920,-15.5556,-19.4454
20.9144,-124.938,0.00418879,1.231,0.0246147,-90981,-90933,-12.6554,-18.8534
20.9364,-124.93,0.0261799,1.207,0.0794632,-90972,-90921,-13.4464,-17.7
20.9584,-124.937,0,1.355,-0.0332876,-90975,-90925,-13.1827,-18.2725
20.9804,-124.94,0.0125664,1.378,0.0396246,-90972,-90915,-15.0283,-17.652
21.0024,-124.947,-0.0345575,1.407,-0.124232,-90981,-90927,-14.2373,-19.5339
21.0244,-124.94,0.0198968,1.327,0.0690309,-90979,-90930,-12.919,-18.386
21.0464,-124.937,0.0219911,1.342,-0.0538017,-90972,-90913,-15.5556,-19.253
21.0684,-124.936,-0.020944,1.36,-0.0409786,-90974,-90918,-14.7646,-19.8065
21.0904,-124.94,-0.0303687,1.369,-0.0195407,-90976,-90916,-15.8192,-20.0552
21.1124,-124.94,-0.0230383,1.27,0.0141012,-90980,-90927,-13.9737,-19.8266
21.1344,-124.938,0.00733038,1.218,0.0448961,-90979,-90930,-12.919,-19.1747
21.1564,-124.934,0.0251327,1.269,0.00273286,-90976,-90925,-13.4464,-19.1799
21.1784,-124.936,0.0020944,1.357,0.00643796,-90975,-90923,-13.71,-19.0872
21.2003,-124.937,0.0010472,1.366,-0.010238,-90977,-90925,-13.71,-19.246
21.2224,-124.938,0.015708,1.352,-0.00291108,-90977,-90925,-13.71,-19.2783
21.2444,-124.938,0.0314159,1.257,-0.0256652,-90977,-90922,-14.501,-19.6564
21.2664,-124.938,-0.0010472,1.263,-0.0100422,-90976,-90922,-14.2373,-19.7793
21.2884,-124.937,-0.0167552,1.299,0.00309419,-90977,-90924,-13.9737,-19.723
21.3104,-124.938,-0.0324631,1.389,-0.013073,-90977,-90922,-14.501,-19.9207
21.3324,-124.938,-0.0178024,1.427,-0.0229022,-90977,-90920,-15.0283,-20.2467
21.3544,-124.938,-0.0198968,1.267,-0.00156103,-90977,-90922,-14.501,-20.2468
21.3764,-124.938,-0.0010472,1.348,0.00966995,-90976,-90922,-14.2373,-20.1021
21.3984,-124.937,-0.00942478,1.367,0.0050017,-90977,-90923,-14.2373,-20.0376
21.4204,-124.938,-0.00418879,1.342,0.00137165,-90977,-90923,-14.2373,-20.0224
21.4424,-124.937,0,1.358,-0.0105338,-90976,-90920,-14.7646,-20.1797
21.4644,-124.938,0.020944,1.278,0.00533673,-90976,-90922,-14.2373,-20.0893
21.4864,-124.937,0.0020944,1.325,0.00440498,-90977,-90923,-14.2373,-20.0312
21.5084,-124.937,-0.0136136,1.397,-0.0040212,-90977,-90922,-14.501,-20.0941
21.5304,-124.938,-0.00733038,1.372,0.0109118,-90976,-90923,-13.9737,-19.9275
21.5524,-124.938,-0.00314159,1.345,0.00746059,-90977,-90924,-13.9737,-19.8287
21.5744,-124.937,-0.00942478,1.35,0.00441569,-90977,-90924,-13.9737,-19.7708
21.5964,-124.938,0.0188496,1.346,-0.00427391,-90977,-90923,-14.2373,-19.839
21.6184,-124.938,-0.0188496,1.411,-0.0174471,-90977,-90921,-14.7646,-20.0927
21.6404,-124.938,0.00628319,1.359,0.0021368,-90977,-90923,-14.2373,-20.044
21.6624,-124.938,-0.00837758,1.43,0.0181534,-90976,-90924,-13.71,-19.777
21.6844,-124.938,0.00628319,1.331,-0.00339107,-90977,-90923,-14.2373,-19.845
21.7064,-124.938,0.0020944,1.305,0.00417524,-90976,-90923,-13.9737,-19.78
21.7284,-124.937,0.0115192,1.39,0.00324059,-90977,-90924,-13.9737,-19.7365
21.7504,-124.937,-0.00733038,1.364,-0.00551844,-90977,-90923,-14.2373,-19.821
21.7724,-124.938,-0.00942478,1.439,-0.0177379,-90977,-90921,-14.7646,-20.0782
21.7944,-124.938,-0.0020944,1.347,0.00934346,-90976,-90923,-13.9737,-19.9226
21.8164,-124.937,0.0136136,1.331,0.0073054,-90976,-90923,-13.9737,-19.8231
21.8384,-124.938,-0.015708,1.427,-0.00968811,-90977,-90922,-14.501,-19.9742
21.8604,-124.938,-0.00942478,1.436,-0.00703417,-90977,-90922,-14.501,-20.0678
21.8824,-124.938,-0.0219911,1.419,0.0172405,-90976,-90924,-13.71,-19.8065
21.9044,-124.938,0,1.389,-0.00236794,-90977,-90923,-14.2373,-19.8578
21.9264,-124.938,-0.00628319,1.405,-0.0095053,-90976,-90921,-14.501,-19.9972
21.9484,-124.938,-0.00733038,1.436,0.00791323,-90976,-90923,-13.9737,-19.87
21.9704,-124.938,-0.0146608,1.447,0.00541517,-90977,-90924,-13.9737,-19.7977
21.9924,-124.938,-0.00418879,1.467,-0.00334721,-90977,-90923,-14.2373,-19.8533
22.0144,-124.938,-0.020944,1.407,-0.0172739,-90977,-90921,-14.7646,-20.1052
22.0364,-124.938,-0.00837758,1.406,-0.0104859,-90977,-90921,-14.7646,-20.2438
22.0584,-124.938,0,1.366,0.00744861,-90976,-90922,-14.2373,-20.1228
22.0804,-124.937,0.00837758,1.419,-0.00922885,-90976,-90920,-14.7646,-20.2681
22.1024,-124.937,0.0020944,1.34,0.00135132,-90977,-90922,-14.501,-20.2378
22.1244,-124.937,0.0178024,1.387,0.00802155,-90977,-90923,-14.2373,-20.1198
22.1464,-124.938,-0.00837758,1.352,0.00552056,-90977,-90923,-14.2373,-20.0463
22.1684,-124.937,0.0178024,1.373,0.00289986,-90976,-90922,-14.2373,-20.0092
22.1904,-124.938,-0.0167552,1.411,-0.0121034,-90977,-90921,-14.7646,-20.1902
22.2124,-124.937,-0.00418879,1.436,0.00611254,-90976,-90922,-14.2373,-20.0895
22.2344,-124.937,-0.00418879,1.399,-0.0099672,-90977,-90921,-14.7646,-20.2425
22.2564,-124.938,-0.00628319,1.379,0.00701308,-90977,-90923,-14.2373,-20.1275
22.2784,-124.938,-0.0136136,1.433,0.00591513,-90976,-90922,-14.2373,-20.0476
22.3004,-124.937,0.00837758,1.365,-0.011103,-90977,-90921,-14.7646,-20.2184
22.3224,-124.938,-0.0010472,1.369,0.00687699,-90976,-90922,-14.2373,-20.1055
22.3444,-124.938,-0.0125664,1.388,-0.00248106,-90977,-90922,-14.501,-20.1489
22.3664,-124.937,0.0125664,1.415,0.00558011,-90976,-90922,-14.2373,-20.0637
22.3884,-124.938,0.0020944,1.452,-0.0105263,-90977,-90921,-14.7646,-20.2256
22.4104,-124.937,-0.0020944,1.465,-0.000168411,-90976,-90921,-14.501,-20.2173
22.4324,-124.937,-0.00418879,1.404,0.00710803,-90976,-90922,-14.2373,-20.1119
22.4544,-124.938,-0.00523599,1.463,-0.0017362,-90976,-90921,-14.501,-20.145
22.4764,-124.938,-0.0125664,1.452,0.012232,-90976,-90923,-13.9737,-19.9613
22.4984,-124.938,-0.0115192,1.476,0.0135119,-90976,-90924,-13.71,-19.7736
22.5204,-124.937,-0.0219911,1.458,-0.0187228,-90977,-90923,-14.2373,-20.0635
22.5424,-124.938,-0.0272271,1.502,-0.00778576,-90977,-90922,-14.501,-20.1623
22.5644,-124.938,-0.010472,1.446,-0.0285086,-90977,-90922,-14.501,-20.5759
22.5864,-124.937,0.020944,1.428,-0.00899898,-90977,-90923,-14.2373,-20.6798
22.6084,-124.938,0.0115192,1.469,0.0175231,-90977,-90924,-13.9737,-20.412
22.6304,-124.938,-0.0240855,1.479,0.0131987,-90976,-90923,-13.9737,-20.2341
22.6524,-124.94,-0.0282743,1.534,0.0411351,-90979,-90923,-14.7646,-19.6373
22.6744,-124.936,0.0010472,1.421,-0.0218738,-90978,-90926,-13.71,-20.0029
22.6964,-124.929,0.0136136,1.387,-0.0479933,-90973,-90926,-12.3917,-20.694
22.7184,-124.94,0.00314159,1.497,0.0658029,-90978,-90928,-13.1827,-19.6691
22.7404,-124.938,-0.00837758,1.495,-0.136704,-90977,-90923,-14.2373,-21.7621
22.7624,-124.936,0.0261799,1.408,0.16853,-90975,-90927,-12.6554,-19.1272
22.7844,-124.938,0.00314159,1.486,-0.129208,-90973,-90912,-16.0829,-21.2111
22.8064,-124.938,-0.0167552,1.367,-0.107042,-90976,-90911,-17.1375,-22.6686
22.8284,-124.938,-0.0324631,1.472,0.121463,-90980,-90931,-12.919,-20.761
22.8504,-124.94,0.015708,1.44,-0.017497,-90978,-90927,-13.4464,-21.1422
22.8724,-124.938,0.0376991,1.367,-0.0425958,-90977,-90924,-13.9737,-21.7554
22.8944,-124.937,0.00523599,1.454,-0.0249497,-90975,-90919,-14.7646,-22.0815
22.9164,-124.941,-0.0115192,1.478,0.104201,-90977,-90923,-14.2373,-20.5131
22.9384,-124.94,-0.00523599,1.333,-0.0388771,-90981,-90925,-14.7646,-21.1922
22.9604,-124.932,0.00523599,1.294,-0.0745971,-90975,-90926,-12.919,-22.2576
22.9824,-124.936,-0.00523599,1.448,-0.00736804,-90976,-90921,-14.501,-22.293
23.0044,-124.937,-0.00314159,1.499,-0.041339,-90975,-90923,-13.71,-22.8985
23.0264,-124.936,-0.00837758,1.337,0.337808,-90982,-90937,-11.8644,-17.8489
23.0484,-124.93,0.0418879,1.32,-0.248822,-90974,-90928,-12.1281,-21.8743
23.0704,-124.936,0.010472,1.447,-0.113123,-90973,-90917,-14.7646,-23.3026
23.0924,-124.936,-0.0115192,1.457,0.127943,-90976,-90928,-12.6554,-21.2928
23.1144,-124.938,-0.0251327,1.474,-0.162441,-90975,-90913,-16.3465,-23.8277
23.1364,-124.951,-0.0303687,1.505,0.377638,-90984,-90917,-17.6648,-18.0672
23.1584,-124.922,0.0178024,1.006,-0.29325,-90969,-90917,-13.71,-22.7925
23.1804,-124.93,0.0167552,1.355,0.114821,-90971,-90919,-13.71,-20.797
23.2024,-124.938,-0.0335103,1.434,0.101887,-90977,-90929,-12.6554,-19.4016
23.2244,-124.942,-0.0115192,1.443,-0.082829,-90979,-90929,-13.1827,-20.7315
23.2464,-124.927,0.0335103,1.248,0.225006,-90975,-90930,-11.8644,-17.3132
23.2684,-124.927,0.0198968,1.359,-0.321246,-90967,-90909,-15.2919,-22.3006
23.2904,-124.932,-0.0272271,1.309,0.292603,-90976,-90928,-12.6554,-17.6436
23.3124,-124.94,0,1.296,-0.250331,-90978,-90928,-13.1827,-21.6469
23.3344,-124.938,-0.0219911,1.343,0.128293,-90977,-90925,-13.71,-19.4951
23.3564,-124.936,0.0178024,1.274,-0.295874,-90972,-90910,-16.3465,-24.0104
23.3784,-124.936,-0.00418879,1.212,0.318658,-90974,-90918,-14.7646,-18.9909
23.4004,-124.934,-0.00942478,1.211,-0.078622,-90979,-90930,-12.919,-20.4752
23.4224,-124.938,-0.00628319,1.23,0.182161,-90979,-90928,-13.4464,-17.696
23.4444,-124.937,0.00837758,1.213,-0.232583,-90976,-90920,-14.7646,-21.3249
23.4664,-124.934,0.0293215,1.22,0.0171179,-90974,-90919,-14.501,-20.8387
23.4884,-124.936,-0.0020944,1.372,-0.122483,-90972,-90923,-12.919,-22.672
23.5104,-124.951,-0.010472,1.389,0.331302,-90979,-90918,-16.0829,-17.6381
23.5324,-124.94,-0.0198968,1.352,-0.0717304,-90978,-90921,-15.0283,-19.0322
23.5544,-124.936,0.0167552,1.177,-0.117843,-90976,-90922,-14.2373,-20.7083
23.5764,-124.938,-0.015708,1.36,0.0558918,-90977,-90927,-13.1827,-19.7615
23.5984,-124.941,-0.0010472,1.243,-0.168656,-90979,-90924,-14.501,-22.3175
23.6204,-124.938,-0.0115192,1.17,0.424858,-90984,-90931,-13.9737,-15.8541
23.6424,-124.929,0.0188496,1.188,-0.405154,-90972,-90916,-14.7646,-22.2912
23.6644,-124.934,0.0198968,1.198,0.131229,-90974,-90918,-14.7646,-19.9395
23.6864,-124.936,-0.0345575,1.347,-0.105266,-90976,-90922,-14.2373,-21.6288
23.7084,-124.938,-0.0408407,1.358,0.0208252,-90979,-90927,-13.71,-21.2161
23.7304,-124.934,0.0188496,1.317,0.429903,-90978,-90944,-8.96423,-14.8644
23.7524,-124.942,0.0272271,1.324,-0.384623,-90968,-90909,-15.5556,-20.9958
23.7744,-124.932,-0.00942478,1.348,0.258021,-90973,-90914,-15.5556,-16.7858
23.7964,-124.933,-0.0146608,1.235,-0.135359,-90975,-90926,-12.919,-19.0493
23.8184,-124.938,-0.0345575,1.328,0.0892697,-90977,-90918,-15.5556,-17.5909
23.8404,-124.945,-0.0345575,1.379,0.334934,-90986,-90935,-13.4464,-12.7155
23.8624,-124.932,0.0240855,1.154,-0.364476,-90974,-90916,-15.2919,-18.4537
23.8844,-124.934,-0.0303687,1.371,0.0747001,-90974,-90911,-16.6102,-16.9819
23.9064,-124.936,-0.0240855,1.265,0.0111055,-90977,-90925,-13.71,-16.8916
23.9284,-124.94,0,1.223,-0.0711588,-90978,-90927,-13.4464,-17.9576
23.9504,-124.941,-0.0146608,1.355,0.0342127,-90978,-90926,-13.71,-17.3789
23.9724,-124.937,0.00418879,1.205,-0.058843,-90976,-90920,-14.7646,-18.2875
23.9944,-124.936,-0.0230383,1.346,0.0290396,-90975,-90920,-14.501,-17.7972
24.0164,-124.937,0.0020944,1.319,0.00642239,-90977,-90923,-14.2373,-17.7305
24.0384,-124.938,0.00523599,1.344,-0.0728296,-90977,-90923,-14.2373,-18.8174
24.0604,-124.938,-0.0261799,1.405,-0.0128185,-90977,-90923,-14.2373,-18.9342
24.0824,-124.938,-0.020944,1.292,0.00219944,-90977,-90924,-13.9737,-18.8893
24.1044,-124.937,-0.0240855,1.398,0.0784229,-90976,-90925,-13.4464,-17.7287
24.1264,-124.938,-0.0240855,1.39,-0.0164618,-90977,-90925,-13.71,-18.0514
24.1484,-124.938,-0.0188496,1.446,0.00856088,-90976,-90924,-13.71,-17.9082
24.1704,-124.937,-0.00418879,1.372,-0.00395192,-90976,-90924,-13.71,-17.975
24.1924,-124.938,-0.0188496,1.435,-0.0309548,-90976,-90924,-13.71,-18.4295
24.2144,-124.937,-0.00837758,1.441,-0.057708,-90977,-90921,-14.7646,-19.2554
24.2364,-124.938,-0.0240855,1.446,-0.0185442,-90977,-90921,-14.7646,-19.4716
24.2584,-124.937,0.00733038,1.343,0.0038982,-90976,-90925,-13.4464,-19.3956
24.2804,-124.938,-0.00523599,1.475,0.0320987,-90977,-90924,-13.9737,-18.9238
24.3024,-124.938,-0.0324631,1.457,-0.0219329,-90977,-90923,-14.2373,-19.2805
24.3244,-124.937,-0.0240855,1.393,-0.0222125,-90977,-90922,-14.501,-19.588
24.3464,-124.937,0.0020944,1.447,-0.0183607,-90977,-90922,-14.501,-19.837
24.3684,-124.938,-0.015708,1.478,-0.0107764,-90977,-90922,-14.501,-19.9805
24.3904,-124.937,-0.0261799,1.515,0.00731948,-90976,-90923,-13.9737,-19.86
24.4124,-124.937,-0.00942478,1.486,-0.0101604,-90976,-90921,-14.501,-20.017
24.4344,-124.937,0.0136136,1.406,-0.00605824,-90977,-90922,-14.501,-20.0972
24.4564,-124.937,0.0136136,1.423,0.00437218,-90977,-90923,-14.2373,-20.0267
24.4784,-124.938,-0.00628319,1.483,0.00409782,-90976,-90922,-14.2373,-19.9705
24.5004,-124.938,-0.00628319,1.43,0.000145494,-90977,-90923,-14.2373,-19.9721
24.5224,-124.938,-0.00837758,1.461,-0.0137108,-90977,-90921,-14.7646,-20.1756
24.5444,-124.937,0.00523599,1.454,-0.000859148,-90977,-90922,-14.501,-20.1752
24.5664,-124.938,-0.00314159,1.449,-0.00768958,-90977,-90921,-14.7646,-20.2873
24.5884,-124.937,0.00314159,1.457,-0.00486939,-90977,-90921,-14.7646,-20.3522
24.6104,-124.938,-0.0198968,1.47,0.0106051,-90977,-90923,-14.2373,-20.1905
24.6324,-124.937,0.0136136,1.482,0.000329462,-90977,-90922,-14.501,-20.1956
24.6544,-124.937,0.0115192,1.437,0.00697271,-90976,-90922,-14.2373,-20.0929
24.6764,-124.937,0.0272271,1.404,0.0117623,-90977,-90924,-13.9737,-19.9255
24.6984,-124.938,-0.00942478,1.479,0.000608232,-90977,-90923,-14.2373,-19.9283
24.7204,-124.938,0.0178024,1.386,0.00676096,-90977,-90924,-13.9737,-19.8284
24.7424,-124.937,-0.00418879,1.529,-0.00261239,-90976,-90922,-14.2373,-19.8728
24.7644,-124.937,0.0136136,1.428,-0.00246715,-90977,-90923,-14.2373,-19.908
24.7864,-124.938,0.00523599,1.474,-0.000740492,-90977,-90923,-14.2373,-19.9167
24.8084,-124.937,0.00314159,1.428,-0.00761673,-90977,-90922,-14.501,-20.0286
24.8304,-124.937,0.0125664,1.421,0.00187712,-90976,-90922,-14.2373,-19.9932
24.8524,-124.938,0.00733038,1.398,0.00875163,-90977,-90924,-13.9737,-19.8655
24.8744,-124.938,0.0136136,1.409,-0.0158046,-90977,-90921,-14.7646,-20.1098
24.8964,-124.937,0.00628319,1.416,0.00370328,-90977,-90923,-14.2373,-20.0367
24.9184,-124.938,-0.010472,1.416,0.00399386,-90976,-90922,-14.2373,-19.9973
24.9407,-124.938,-0.0020944,1.499,-0.000359386,-90977,-90923,-14.2373,-19.9753
24.9624,-124.937,0.0146608,1.408,-0.00534688,-90977,-90922,-14.501,-20.0699
24.9844,-124.937,0.00523599,1.449,-0.00353747,-90976,-90921,-14.501,-20.1175
25.0064,-124.937,0.0115192,1.434,0.0110777,-90976,-90923,-13.9737,-19.9492
25.0284,-124.938,0.00837758,1.395,0.00143369,-90976,-90922,-14.2373,-19.9391
25.0504,-124.938,0.00628319,1.463,-0.00726708,-90976,-90921,-14.501,-20.0485
25.0724,-124.938,0,1.416,-0.00454779,-90976,-90921,-14.501,-20.1072
25.0944,-124.937,0.020944,1.452,-0.0029065,-90976,-90921,-14.501,-20.147
25.1164,-124.938,-0.015708,1.456,-0.00174252,-90977,-90922,-14.501,-20.1701
25.1384,-124.937,0.00418879,1.446,-0.00142152,-90976,-90921,-14.501,-20.1891
25.1604,-124.937,0,1.381,0.0144961,-90976,-90923,-13.9737,-19.9729
25.1824,-124.937,0.00314159,1.442,0.0018066,-90977,-90923,-14.2373,-19.961
25.2044,-124.937,0.00837758,1.43,0.00782886,-90976,-90923,-13.9737,-19.8463
25.2264,-124.938,-0.00314159,1.4,-0.00220374,-90977,-90923,-14.2373,-19.8868
25.2484,-124.937,-0.0136136,1.461,-0.00194724,-90977,-90923,-14.2373,-19.9139
25.2704,-124.937,0.00837758,1.416,0.00669155,-90976,-90923,-13.9737,-19.8124
25.2924,-124.938,0.00942478,1.39,-0.0101263,-90977,-90922,-14.501,-19.9692
25.3144,-124.937,-0.0136136,1.426,0.00727365,-90976,-90923,-13.9737,-19.8516
25.3364,-124.938,-0.00942478,1.389,0.00485463,-90976,-90923,-13.9737,-19.7863
25.3584,-124.937,0.0167552,1.336,-0.0104864,-90977,-90922,-14.501,-19.947
25.3804,-124.937,-0.00733038,1.37,-0.00104635,-90976,-90922,-14.2373,-19.9509
25.4024,-124.938,-0.00418879,1.445,-0.00633642,-90976,-90921,-14.501,-20.0459
25.4244,-124.938,-0.0146608,1.416,-0.00518406,-90977,-90922,-14.501,-20.1154
25.4464,-124.937,-0.0010472,1.396,0.0116868,-90976,-90923,-13.9737,-19.9361
25.4684,-124.938,0.0115192,1.382,0.000899889,-90976,-90922,-14.2373,-19.9351
25.4904,-124.937,0.0230383,1.342,-0.00719389,-90976,-90921,-14.501,-20.043
25.5124,-124.937,0.00837758,1.342,0.00944426,-90976,-90923,-13.9737,-19.8961
25.5344,-124.937,-0.00523599,1.37,0.00548988,-90976,-90923,-13.9737,-19.8236
25.5564,-124.938,-0.0167552,1.408,-0.0240689,-90976,-90923,-13.9737,-20.1862
25.5784,-124.938,-0.00628319,1.481,-0.0104815,-90976,-90922,-14.2373,-20.3182
25.6004,-124.937,0.00837758,1.403,-0.0473446,-90977,-90924,-13.9737,-21.0076
25.6224,-124.937,0.00942478,1.334,-0.035088,-90977,-90924,-13.9737,-21.4812
25.6444,-124.938,-0.0282743,1.457,0.00538933,-90977,-90923,-14.2373,-21.3666
25.6664,-124.937,-0.00733038,1.431,0.00560748,-90977,-90923,-14.2373,-21.2882
25.6884,-124.937,-0.00418879,1.437,0.144085,-90976,-90920,-14.7646,-19.1581
25.7104,-124.938,0,1.478,-0.0291593,-90976,-90921,-14.501,-19.7342
25.7324,-124.937,0.0010472,1.421,0.0512036,-90975,-90926,-12.919,-18.9459
25.7544,-124.941,-0.0020944,1.511,-0.115744,-90977,-90925,-13.71,-20.713
25.7764,-124.938,0.0293215,1.381,-0.0131154,-90976,-90922,-14.2373,-20.7906
25.7984,-124.938,-0.015708,1.446,-0.176513,-90976,-90925,-13.4464,-23.3945
25.8204,-124.938,-0.0219911,1.457,-0.0643393,-90977,-90923,-14.2373,-24.1718
25.8424,-124.938,-0.0335103,1.457,0.0794626,-90976,-90922,-14.2373,-22.9298
25.8644,-124.938,-0.0387463,1.495,0.070488,-90977,-90924,-13.9737,-21.9637
25.8864,-124.937,-0.0272271,1.522,0.171044,-90977,-90925,-13.71,-19.499
25.9084,-124.938,0.00418879,1.467,0.00063883,-90977,-90922,-14.501,-19.6607
25.9304,-124.937,-0.0178024,1.497,-0.071276,-90977,-90924,-13.9737,-20.7175
25.9524,-124.937,0.00733038,1.471,-0.138417,-90977,-90923,-14.2373,-22.698
25.9744,-124.937,-0.0167552,1.491,0.0603015,-90977,-90919,-15.2919,-21.6659
25.9964,-124.937,-0.0335103,1.555,-0.239642,-90976,-90923,-13.9737,-25.2776
26.0184,-124.938,-0.0188496,1.546,0.119447,-90976,-90923,-13.9737,-23.2676
26.0404,-124.938,0.0010472,1.643,0.084104,-90977,-90923,-14.2373,-22.1404
26.0624,-124.937,0.0136136,1.522,0.106803,-90977,-90921,-14.7646,-20.6409
26.0844,-124.937,0.0230383,1.476,0.0233691,-90976,-90920,-14.7646,-20.4015
26.1064,-124.938,-0.0240855,1.527,-0.22784,-90977,-90926,-13.4464,-23.7991
26.1284,-124.938,-0.0230383,1.602,0.133519,-90976,-90921,-14.501,-21.5928
26.1504,-124.937,-0.00523599,1.494,-0.0603164,-90976,-90924,-13.71,-22.6168
26.1724,-124.936,-0.0136136,1.629,0.222568,-90976,-90923,-13.9737,-19.2593
26.1944,-124.938,0.00314159,1.622,-0.12652,-90977,-90926,-13.4464,-21.3582
26.2164,-124.938,-0.010472,1.595,0.208773,-90977,-90925,-13.71,-18.1371
26.2384,-124.938,-0.0115192,1.645,-0.124225,-90976,-90924,-13.71,-20.1881
26.2604,-124.938,0.015708,1.542,-0.0735411,-90976,-90923,-13.9737,-21.1532
26.2824,-124.937,0.0146608,1.524,0.00414019,-90976,-90923,-13.9737,-21.0189
26.3044,-124.947,-0.0178024,1.627,0.463265,-90970,-90897,-19.2467,-14.1552
26.3264,-124.937,-0.0366519,1.31,-0.510035,-90982,-90934,-12.6554,-22.1773
26.3484,-124.933,0.0387463,1.433,0.329263,-90975,-90933,-11.0735,-16.7866
26.3704,-124.937,0.0324631,1.473,-0.101161,-90972,-90917,-14.501,-18.6155
26.3924,-124.932,0.00942478,1.522,-0.0676973,-90972,-90915,-15.0283,-19.5181
26.4144,-124.934,-0.0136136,1.535,-0.299982,-90976,-90925,-13.4464,-23.8965
26.4364,-124.938,-0.0240855,1.61,0.115321,-90977,-90925,-13.71,-21.8872
26.4584,-124.937,0.0230383,1.475,0.10294,-90974,-90917,-15.0283,-20.4762
26.4804,-124.934,-0.00314159,1.484,0.0273133,-90974,-90917,-15.0283,-20.1745
26.5024,-124.934,-0.0146608,1.6,0.0945634,-90974,-90920,-14.2373,-18.7999
26.5244,-124.937,-0.0335103,1.532,-0.0313947,-90977,-90926,-13.4464,-19.3605
26.5464,-124.936,0.0020944,1.521,0.0555866,-90976,-90926,-13.1827,-18.5054
26.5684,-124.936,0.0198968,1.504,-0.0174958,-90974,-90919,-14.501,-18.8206
26.5904,-124.936,-0.0020944,1.564,0.00958029,-90974,-90921,-13.9737,-18.6607
26.6124,-124.936,-0.0020944,1.598,0.00600051,-90975,-90923,-13.71,-18.5814
26.6344,-124.936,0.00523599,1.575,-0.0363616,-90975,-90922,-13.9737,-19.127
26.6564,-124.936,0.0125664,1.54,-0.0162282,-90975,-90924,-13.4464,-19.3306
26.6784,-124.936,0.00418879,1.575,0.0674824,-90974,-90920,-14.2373,-18.3142
26.7004,-124.937,-0.0261799,1.593,-0.0385702,-90975,-90922,-13.9737,-18.9539
26.7224,-124.936,0.00314159,1.476,0.0756961,-90975,-90921,-14.2373,-17.7929
26.7444,-124.94,0,1.569,0.052132,-90972,-90907,-17.1375,-17.096
26.7664,-124.941,-0.0240855,1.576,-0.236331,-90978,-90916,-16.3465,-20.6528
26.7884,-124.938,-0.0167552,1.448,0.105277,-90975,-90912,-16.6102,-18.8555
26.8104,-124.934,-0.0261799,1.541,-0.0293843,-90974,-90922,-13.71,-19.3967
26.8324,-124.936,-0.0125664,1.554,0.0209907,-90975,-90923,-13.71,-19.056
26.8544,-124.937,-0.0136136,1.641,0.163534,-90971,-90912,-15.5556,-16.6528
26.8764,-124.938,-0.0261799,1.639,-0.171362,-90976,-90920,-14.7646,-19.3534
26.8984,-124.937,-0.0188496,1.564,0.0500516,-90976,-90925,-13.4464,-18.4413
26.9204,-124.937,0.0178024,1.508,0.0357492,-90975,-90921,-14.2373,-17.9611
26.9424,-124.936,0.00837758,1.635,0.0139937,-90975,-90928,-12.3917,-17.7904
26.9644,-124.934,0.0178024,1.648,0.0975889,-90970,-90914,-14.7646,-16.3568
26.9864,-124.941,-0.0335103,1.634,-0.213195,-90978,-90922,-14.7646,-19.6115
27.0084,-124.936,0.00523599,1.444,0.0557693,-90978,-90930,-12.6554,-18.5727
27.0304,-124.932,0.0146608,1.545,0.0251091,-90973,-90916,-15.0283,-18.2562
27.0524,-124.933,-0.00837758,1.478,-0.0415437,-90975,-90917,-15.2919,-18.8971
27.0744,-124.933,-0.0146608,1.487,0.062431,-90977,-90933,-11.6008,-17.9302
27.0964,-124.94,0.0230383,1.528,-0.00726784,-90977,-90924,-13.9737,-18.1002
27.1184,-124.937,0.010472,1.547,-0.045649,-90976,-90923,-13.9737,-18.7694
27.1404,-124.933,0.00837758,1.565,0.00508194,-90972,-90917,-14.501,-18.6496
27.1624,-124.936,0.0167552,1.616,0.0115523,-90975,-90927,-12.6554,-18.4815
27.1844,-124.938,0.00942478,1.616,0.0225871,-90974,-90920,-14.2373,-18.159
27.2064,-124.938,-0.0240855,1.628,-0.0734171,-90976,-90923,-13.9737,-19.2703
27.2284,-124.936,0.0188496,1.576,0.00770803,-90974,-90919,-14.501,-19.0815
27.2504,-124.934,0.0251327,1.556,-0.042929,-90974,-90917,-15.0283,-19.727
27.2724,-124.936,-0.0324631,1.617,0.00389847,-90975,-90922,-13.9737,-19.626
27.2944,-124.937,-0.00942478,1.593,-0.0189422,-90975,-90917,-15.2919,-19.9105
27.3164,-124.938,0.00733038,1.522,-0.021048,-90976,-90919,-15.0283,-20.2038
27.3384,-124.936,-0.00628319,1.568,0.0206372,-90975,-90923,-13.71,-19.8768
27.3604,-124.934,0.0251327,1.488,0.0274351,-90975,-90925,-13.1827,-19.4908
27.3824,-124.936,0.0240855,1.547,0.0045223,-90975,-90923,-13.71,-19.4511
27.4044,-124.936,0.00523599,1.545,-0.0214545,-90974,-90919,-14.501,-19.7738
27.4264,-124.936,-0.0136136,1.5,-0.0091715,-90976,-90922,-14.2373,-19.8883
27.4484,-124.936,-0.0178024,1.501,-0.00436469,-90976,-90921,-14.501,-19.9437
27.4704,-124.936,0.015708,1.507,0.000595818,-90975,-90921,-14.2373,-19.9309
27.4924,-124.936,-0.0178024,1.618,-0.0104782,-90975,-90920,-14.501,-20.0865
27.5144,-124.936,-0.0335103,1.603,0.0133584,-90975,-90922,-13.9737,-19.8779
27.5364,-124.936,-0.0282743,1.573,-0.00803177,-90975,-90920,-14.501,-20.0093
27.5584,-124.936,-0.0303687,1.668,0.00784193,-90975,-90922,-13.9737,-19.8872
27.5804,-124.936,0.00628319,1.693,-0.00660259,-90975,-90920,-14.501,-19.9914
27.6024,-124.936,-0.00733038,1.549,0.00121393,-90976,-90922,-14.2373,-19.966
27.6244,-124.936,0.0167552,1.582,0.0143469,-90975,-90923,-13.71,-19.7555
27.6464,-124.936,-0.0188496,1.583,0.0179413,-90975,-90924,-13.4464,-19.504
27.6684,-124.936,0.0282743,1.54,0.00365707,-90974,-90922,-13.71,-19.4681
27.6904,-124.936,-0.0240855,1.646,-0.0125413,-90975,-90921,-14.2373,-19.657
27.7124,-124.936,0.0146608,1.657,-0.00267147,-90975,-90922,-13.9737,-19.6845
27.7344,-124.936,0.00314159,1.656,0.002262,-90975,-90922,-13.9737,-19.6483
27.7564,-124.936,0.0198968,1.543,0.00633443,-90974,-90922,-13.71,-19.5562
27.7784,-124.936,-0.0303687,1.672,-0.0257482,-90975,-90919,-14.7646,-19.9446
27.8004,-124.936,0.0125664,1.646,-0.00677029,-90975,-90920,-14.501,-20.0194
27.8224,-124.936,-0.0178024,1.624,0.00869328,-90975,-90922,-13.9737,-19.8834
27.8444,-124.936,-0.0230383,1.679,0.00606684,-90974,-90921,-13.9737,-19.8024
27.8664,-124.936,-0.0198968,1.724,-0.0111834,-90975,-90920,-14.501,-19.9729
27.8884,-124.937,-0.0010472,1.656,-0.00582367,-90975,-90920,-14.501,-20.0504
27.9104,-124.934,0.00523599,1.613,0.0170966,-90974,-90922,-13.71,-19.7898
27.9324,-124.936,-0.0219911,1.675,-0.0045804,-90975,-90921,-14.2373,-19.8741
27.9544,-124.936,-0.015708,1.653,-0.000695844,-90975,-90921,-14.2373,-19.8805
27.9764,-124.936,-0.0387463,1.702,0.00509236,-90974,-90921,-13.9737,-19.8046
27.9984,-124.936,-0.0345575,1.745,-0.0101714,-90974,-90919,-14.501,-19.9605
28.0204,-124.936,-0.0146608,1.781,-0.00705719,-90974,-90919,-14.501,-20.0546
28.0424,-124.936,-0.0261799,1.752,-0.0122495,-90975,-90919,-14.7646,-20.2293
28.0644,-124.936,-0.0314159,1.748,0.0139,-90974,-90921,-13.9737,-20.0115
28.0864,-124.936,-0.0303687,1.779,0.00203408,-90974,-90920,-14.2373,-19.9945
28.1084,-124.937,-0.0146608,1.812,0.00426399,-90975,-90921,-14.2373,-19.9335
28.1304,-124.936,-0.020944,1.798,0.000593369,-90974,-90920,-14.2373,-19.9293
28.1524,-124.936,-0.0230383,1.781,-0.000616764,-90974,-90920,-14.2373,-19.9386
28.1744,-124.936,-0.015708,1.8,0.00690963,-90975,-90922,-13.9737,-19.8355
28.1964,-124.936,-0.0314159,1.763,-0.00186712,-90974,-90920,-14.2373,-19.8704
28.2184,-124.936,-0.0345575,1.838,-0.00923849,-90974,-90919,-14.501,-20.0053
28.2404,-124.936,-0.010472,1.803,0.00051188,-90974,-90920,-14.2373,-19.9886
28.2624,-124.936,-0.0293215,1.84,0.0168468,-90974,-90922,-13.71,-19.7385
28.2844,-124.936,-0.0261799,1.8,-0.0114267,-90975,-90920,-14.501,-19.927
28.3064,-124.934,0.0167552,1.755,-0.00861304,-90975,-90920,-14.501,-20.0421
28.3284,-124.936,0.0020944,1.756,0.00192158,-90975,-90921,-14.2373,-20.004
28.3504,-124.936,-0.0293215,1.862,0.00265879,-90975,-90921,-14.2373,-19.9673
28.3724,-124.934,0.00837758,1.822,-0.01273,-90975,-90919,-14.7646,-20.1589
28.3944,-124.936,0,1.767,0.00456613,-90974,-90920,-14.2373,-20.0785
28.4164,-124.934,0.00733038,1.757,0.0191732,-90974,-90922,-13.71,-19.7989
28.4384,-124.936,-0.0198968,1.792,-0.00281857,-90975,-90921,-14.2373,-19.8599
28.4604,-124.936,0,1.799,0.0123457,-90974,-90922,-13.71,-19.674
28.4824,-124.936,-0.0010472,1.84,-0.0136643,-90975,-90920,-14.501,-19.8887
28.5044,-124.936,-0.0240855,1.877,-0.0146317,-90975,-90920,-14.501,-20.0921
28.5264,-124.936,0.0020944,1.817,-0.00876085,-90974,-90919,-14.501,-20.2077
28.5484,-124.934,0.00837758,1.789,0.00329879,-90974,-90921,-13.9737,-20.1494
28.5704,-124.934,0.00733038,1.754,-0.0126787,-90974,-90921,-13.9737,-20.3408
28.5924,-124.936,0.020944,1.745,-0.0102349,-90974,-90920,-14.2373,-20.479
28.6144,-124.936,-0.0010472,1.83,-0.00159734,-90975,-90921,-14.2373,-20.4941
28.6364,-124.936,0.0146608,1.762,0.0144584,-90974,-90921,-13.9737,-20.2774
28.6584,-124.934,-0.00418879,1.809,0.0056901,-90974,-90920,-14.2373,-20.2066
28.6804,-124.934,0.00942478,1.761,0.0190672,-90974,-90921,-13.9737,-19.9306
28.7024,-124.936,-0.0125664,1.762,-0.0531198,-90975,-90917,-15.2919,-20.7368
28.7244,-124.934,-0.00942478,1.77,-0.0367358,-90974,-90919,-14.501,-21.229
28.7464,-124.934,-0.0376991,1.842,0.0165078,-90975,-90921,-14.2373,-20.947
28.7684,-124.934,0.0219911,1.731,-0.0757009,-90974,-90919,-14.501,-22.0855
28.7904,-124.934,-0.020944,1.772,0.017618,-90974,-90917,-15.0283,-21.7492
28.8124,-124.934,-0.0314159,1.853,0.0480329,-90973,-90921,-13.71,-21.0542
28.8344,-124.937,-0.00837758,1.899,0.052599,-90975,-90920,-14.501,-20.3227
28.8564,-124.937,0,1.712,-0.166557,-90976,-90911,-17.1375,-22.8456
28.8784,-124.923,0.0020944,1.382,0.122425,-90973,-90926,-12.3917,-20.8638
28.9004,-124.932,0.0251327,1.661,-0.0567057,-90972,-90923,-12.919,-21.8268
28.9224,-124.932,-0.0146608,1.785,-0.0371555,-90972,-90920,-13.71,-22.3215
28.9444,-124.932,0.0272271,1.69,0.150249,-90972,-90920,-13.71,-20.0568
28.9664,-124.93,0.00523599,1.729,-0.116358,-90971,-90916,-14.501,-21.932
28.9884,-124.932,-0.00942478,1.694,-0.0161302,-90973,-90913,-15.8192,-22.0537
29.0104,-124.929,0.0020944,1.322,0.0389683,-90973,-90922,-13.4464,-21.4617
29.0324,-124.932,-0.0136136,1.634,-0.0842091,-90972,-90918,-14.2373,-22.7454
29.0544,-124.929,0.0240855,1.576,-0.0462092,-90971,-90917,-14.2373,-23.3479
29.0764,-124.929,0.00523599,1.767,0.308979,-90972,-90932,-10.5462,-18.7217
29.0984,-124.936,0.00733038,1.733,-0.302002,-90965,-90903,-16.3465,-23.5077
29.1204,-124.932,-0.0366519,1.409,0.182361,-90972,-90913,-15.5556,-20.5021
29.1424,-124.926,-0.0188496,1.205,-0.0835473,-90972,-90922,-13.1827,-21.9217
29.1644,-124.932,-0.0293215,1.569,0.0292479,-90972,-90920,-13.71,-21.406
29.1865,-124.93,-0.010472,1.595,-0.128111,-90972,-90914,-15.2919,-23.3303
29.2084,-124.93,-0.0020944,1.156,0.255593,-90971,-90918,-13.9737,-19.4148
29.2304,-124.932,-0.020944,1.575,-0.117091,-90971,-90915,-14.7646,-21.4063
29.2524,-124.93,-0.0167552,1.186,0.158458,-90972,-90918,-14.2373,-18.9402
29.2744,-124.932,-0.0251327,1.463,-0.173046,-90971,-90916,-14.501,-21.6641
29.2964,-124.932,-0.0020944,1.47,0.113234,-90972,-90918,-14.2373,-19.8124
29.3184,-124.932,0.0115192,1.441,-0.163154,-90971,-90916,-14.501,-22.3416
29.3404,-124.936,-0.00523599,1.512,0.179663,-90972,-90916,-14.7646,-19.5157
29.3624,-124.93,-0.00523599,1.093,0.0297917,-90971,-90918,-13.9737,-19.2531
29.3844,-124.93,-0.0125664,1.5,-0.0669232,-90971,-90917,-14.2373,-20.2743
29.4064,-124.93,0.0251327,1.449,0.0138389,-90971,-90918,-13.9737,-20.0027
29.4284,-124.93,0.0272271,1.378,-0.0754744,-90971,-90917,-14.2373,-21.1358
29.4504,-124.93,0.00418879,1.315,0.211399,-90973,-90925,-12.6554,-17.9265
29.4724,-124.927,0.0219911,1.375,-0.142175,-90970,-90922,-12.6554,-20.2453
29.4944,-124.932,-0.0010472,1.378,0.144617,-90970,-90917,-13.9737,-17.9595
29.5164,-124.929,0.00942478,1.389,-0.112789,-90971,-90926,-11.8644,-19.7761
29.5384,-124.932,0.0115192,1.374,-0.0158448,-90970,-90920,-13.1827,-19.8982
29.5604,-124.932,0.00314159,1.324,-0.0842629,-90972,-90920,-13.71,-21.1313
29.5824,-124.93,-0.00942478,1.034,0.366263,-90974,-90924,-13.1827,-15.6177
29.6044,-124.93,0.0219911,1.224,-0.339464,-90971,-90915,-14.7646,-21.0163
29.6265,-124.93,-0.0136136,1.163,0.0616964,-90971,-90917,-14.2373,-19.7621
29.6485,-124.93,-0.00733038,1.305,-0.114558,-90971,-90916,-14.501,-21.5221
29.6705,-124.932,-0.0167552,1.262,0.0755454,-90972,-90921,-13.4464,-20.2877
29.6925,-124.93,0.00942478,1.307,0.260525,-90970,-90927,-11.3371,-16.5026
29.7144,-124.937,0.0261799,1.298,-0.27652,-90966,-90906,-15.8192,-20.8658
29.7365,-124.927,0.00418879,0.939,0.219018,-90969,-90912,-15.0283,-17.3427
29.7584,-124.927,-0.0387463,0.869,-0.313638,-90970,-90914,-14.7646,-22.2104
29.7804,-124.929,-0.00628319,0.953,0.210269,-90974,-90929,-11.8644,-18.7798
29.8024,-124.93,0.0136136,1.097,0.449612,-90973,-90939,-8.96423,-12.3249
29.8244,-124.94,0.0167552,1.108,-0.275947,-90968,-90907,-16.0829,-16.8662
29.8465,-124.927,0.0198968,0.669,0.110431,-90969,-90911,-15.2919,-14.953
29.8685,-124.927,0.00628319,0.687,-0.127972,-90970,-90920,-13.1827,-16.9606
29.8905,-124.936,-0.020944,0.929,0.09636,-90975,-90929,-12.1281,-15.4042
29.9125,-124.937,0.010472,0.927,-0.281942,-90973,-90921,-13.71,-19.6817
29.9345,-124.938,-0.0020944,0.949,0.265181,-90972,-90914,-15.2919,-15.4693
29.9565,-124.93,-0.0115192,0.594,-0.159495,-90970,-90911,-15.5556,-18.1005
29.9785,-124.932,-0.0314159,0.574,0.0638934,-90972,-90914,-15.2919,-16.9933
30.0005,-124.934,-0.0251327,0.759,-0.0846101,-90975,-90923,-13.71,-18.3116
30.0225,-124.936,0.0230383,0.757,-0.013793,-90974,-90922,-13.71,-18.4311
30.0445,-124.933,0.0115192,0.715,-0.115179,-90973,-90916,-15.0283,-20.1254
30.0665,-124.933,-0.020944,0.825,0.128469,-90973,-90917,-14.7646,-18.1057
30.0885,-124.933,-0.0345575,0.832,-0.0282638,-90973,-90917,-14.7646,-18.6536
30.1105,-124.933,-0.0261799,0.855,0.0121283,-90973,-90917,-14.7646,-18.444
30.1324,-124.933,-0.0146608,0.893,-0.00176142,-90973,-90918,-14.501,-18.4838
30.1544,-124.932,-0.0293215,0.878,-0.0236832,-90973,-90919,-14.2373,-18.8336
30.1765,-124.932,-0.0240855,0.854,-0.00681314,-90972,-90918,-14.2373,-18.91
30.1985,-124.933,-0.0345575,0.891,-0.0297092,-90973,-90917,-14.7646,-19.344
30.2205,-124.932,-0.00837758,0.884,-0.0157232,-90972,-90917,-14.501,-19.5477
30.2425,-124.932,-0.0125664,0.929,-0.0178191,-90973,-90917,-14.7646,-19.7953
30.2645,-124.933,-0.0366519,0.924,0.00579036,-90972,-90918,-14.2373,-19.6922
30.2865,-124.932,-0.0198968,0.957,0.0208748,-90973,-90919,-14.2373,-19.3889
30.3085,-124.933,-0.0188496,0.911,-0.0131238,-90973,-90918,-14.501,-19.6042
30.3305,-124.932,-0.0230383,0.98,-0.0220913,-90973,-90917,-14.7646,-19.9172
30.3525,-124.933,-0.0303687,0.968,-0.00670264,-90973,-90919,-14.2373,-19.9956
30.3745,-124.933,-0.00418879,0.937,0.00593673,-90973,-90919,-14.2373,-19.9002
30.3965,-124.932,-0.00942478,0.936,-0.000278552,-90972,-90918,-14.2373,-19.9108
30.4185,-124.933,-0.0293215,0.98,-0.0166798,-90973,-90917,-14.7646,-20.1554
30.4404,-124.933,-0.00314159,0.975,-0.0100014,-90973,-90917,-14.7646,-20.2898
30.4625,-124.933,-0.0324631,1.028,0.00107855,-90973,-90918,-14.501,-20.2618
30.4844,-124.932,-0.00314159,1.097,3.33277e-05,-90972,-90918,-14.2373,-20.0858
108.98,-124.933,-0.0136136,1.172,-0.0862646,-90972,-90918,-14.2373,-20.0275
109.002,-124.933,-0.020944,1.18,-0.0111634,-90973,-90918,-14.501,-20.0974
109.024,-124.932,0.0178024,1.059,0.00523795,-90973,-90919,-14.2373,-20.0304
109.047,-124.932,-0.00523599,1.146,-0.00742717,-90972,-90917,-14.501,-20.0965
109.068,-124.932,-0.00523599,1.133,-0.00881415,-90972,-90916,-14.7646,-20.244
109.09,-124.933,-0.00733038,1.196,0.00778607,-90973,-90919,-14.2373,-20.1199
109.112,-124.933,-0.0251327,1.169,0.019602,-90972,-90920,-13.71,-19.837
109.134,-124.933,-0.0219911,1.174,-0.00866102,-90973,-90918,-14.501,-19.9848
109.156,-124.932,0.0146608,1.118,-0.00597943,-90973,-90918,-14.501,-20.0655
109.178,-124.932,0.00628319,1.136,-0.0114094,-90973,-90917,-14.7646,-20.2278
109.2,-124.933,0,1.138,0.00735196,-90973,-90919,-14.2373,-20.1078
109.222,-124.932,-0.0010472,1.146,-0.00189499,-90973,-90918,-14.501,-20.1422
109.244,-124.933,-0.0167552,1.21,-0.00170979,-90973,-90918,-14.501,-20.1677
109.266,-124.933,0.0125664,1.136,-0.000863595,-90973,-90918,-14.501,-20.1779
109.288,-124.933,-0.00942478,1.14,-0.000836806,-90973,-90918,-14.501,-20.1882
109.31,-124.933,0.00837758,1.147,-0.00759856,-90973,-90917,-14.7646,-20.3008
109.332,-124.933,-0.00523599,1.169,0.00268494,-90972,-90917,-14.501,-20.2543
109.354,-124.933,0.0020944,1.097,0.00103186,-90973,-90918,-14.501,-20.2407
109.376,-124.933,0.00837758,1.121,0.00154762,-90972,-90917,-14.501,-20.2189
109.398,-124.933,0.0010472,1.105,0.000807582,-90972,-90917,-14.501,-20.2085
109.42,-124.932,0.00628319,1.216,0.000217229,-90972,-90917,-14.501,-20.2066
109.442,-124.933,-0.0198968,1.167,-0.00680121,-90973,-90917,-14.7646,-20.3071
109.464,-124.93,-0.0198968,1.25,-0.00478113,-90973,-90917,-14.7646,-20.3715
109.486,-124.932,0.00733038,1.163,0.00458583,-90972,-90917,-14.501,-20.2988
109.508,-124.933,0.00628319,1.096,-0.00433685,-90973,-90917,-14.7646,-20.3672
109.53,-124.933,-0.0010472,1.112,0.0116748,-90972,-90918,-14.2373,-20.1901
109.552,-124.932,0.0178024,1.094,0.000412481,-90972,-90917,-14.501,-20.1959
109.574,-124.932,0.0146608,1.183,-1.55265e-05,-90973,-90918,-14.501,-20.196
109.596,-124.932,0.0282743,1.138,0.0068712,-90973,-90919,-14.2373,-20.0945
109.618,-124.933,0.00942478,1.122,-0.00221679,-90972,-90917,-14.501,-20.133
109.64,-124.932,0.00733038,1.068,-0.00182423,-90972,-90917,-14.501,-20.1588
109.662,-124.933,-0.0146608,1.104,-0.00124194,-90972,-90917,-14.501,-20.1752
109.684,-124.932,0.0115192,1.122,0.00633034,-90972,-90918,-14.2373,-20.0807
109.706,-124.932,0.0010472,1.143,-0.0100234,-90973,-90917,-14.7646,-20.2353
109.728,-124.933,0.0020944,1.097,-0.00681187,-90973,-90917,-14.7646,-20.3262
109.75,-124.933,-0.00628319,1.108,-0.00387364,-90972,-90916,-14.7646,-20.3769
109.772,-124.932,-0.0020944,1.147,0.00452742,-90972,-90917,-14.501,-20.3062
109.794,-124.932,0,1.084,0.0175635,-90972,-90919,-13.9737,-20.0499
109.816,-124.933,0.0136136,1.137,0.0113108,-90972,-90919,-13.9737,-19.9001
109.838,-124.933,0.0167552,1.091,0.00690895,-90972,-90919,-13.9737,-19.8086
109.86,-124.932,0.0324631,1.074,-0.00337603,-90972,-90918,-14.2373,-19.8659
109.882,-124.932,0.00837758,1.067,-0.023174,-90973,-90916,-15.0283,-20.2062
109.904,-124.933,0.00942478,1.021,-0.00151078,-90973,-90918,-14.501,-20.205
109.926,-124.932,-0.0010472,1.108,0.000413293,-90973,-90918,-14.501,-20.198
109.948,-124.933,0.00523599,1.059,0.00703977,-90972,-90918,-14.2373,-20.0923
109.97,-124.933,-0.00523599,1.079,-0.00260839,-90973,-90918,-14.501,-20.1406
109.992,-124.932,0.00628319,1.037,0.0124652,-90973,-90920,-13.9737,-19.9521
110.014,-124.933,0.0136136,1.092,-0.00604509,-90972,-90917,-14.501,-20.0531
110.036,-124.933,0.0010472,1.114,0.0104967,-90972,-90919,-13.9737,-19.8922
110.058,-124.932,-0.00314159,1.084,-0.0147895,-90973,-90917,-14.7646,-20.1223
110.08,-124.932,0.0020944,1.039,-0.00289594,-90972,-90917,-14.501,-20.1506
110.102,-124.933,-0.00942478,1.039,-0.00164249,-90972,-90917,-14.501,-20.1716
110.124,-124.933,0,1.046,-0.00114608,-90973,-90918,-14.501,-20.1871
110.146,-124.933,-0.0020944,1.114,0.0072266,-90972,-90918,-14.2373,-20.0792
110.168,-124.932,-0.00837758,1.156,-0.00994787,-90973,-90917,-14.7646,-20.2333
110.19,-124.933,0.0020944,1.14,0.0074021,-90972,-90918,-14.2373,-20.1139
110.212,-124.933,-0.010472,1.143,-0.00180295,-90972,-90917,-14.501,-20.1482
110.234,-124.932,0.00523599,1.094,-0.0018907,-90972,-90917,-14.501,-20.1739
110.256,-124.932,0.00628319,1.075,-0.00746603,-90973,-90917,-14.7646,-20.2829
110.278,-124.933,-0.0020944,1.081,0.00883597,-90973,-90919,-14.2373,-20.1448
110.3,-124.932,0,1.096,0.00608256,-90972,-90918,-14.2373,-20.0632
110.322,-124.933,0,1.076,-0.00298798,-90973,-90918,-14.501,-20.1135
110.344,-124.933,-0.0314159,1.127,0.0179736,-90972,-90920,-13.71,-19.8432
110.366,-124.932,0.010472,1.104,-0.0289804,-90973,-90915,-15.2919,-20.2917
110.388,-124.933,-0.0020944,1.026,-0.00638586,-90973,-90917,-14.7646,-20.3589
110.41,-124.932,0.010472,1.114,0.00371838,-90973,-90918,-14.501,-20.295
110.432,-124.932,-0.00418879,1.074,0.00296975,-90973,-90918,-14.501,-20.2558
110.454,-124.933,-0.0188496,1.088,0.00878424,-90972,-90918,-14.2373,-20.1288
110.476,-124.933,-0.015708,1.115,-0.00143729,-90973,-90918,-14.501,-20.1586
110.498,-124.933,-0.0219911,1.096,-0.00124062,-90972,-90917,-14.501,-20.1756
110.52,-124.932,0.0010472,1.134,0.00673365,-90972,-90918,-14.2373,-20.0747
110.542,-124.933,-0.020944,1.14,0.01115,-90972,-90919,-13.9737,-19.9163
110.564,-124.932,-0.00314159,1.186,-0.00686977,-90973,-90918,-14.501,-20.0287
110.586,-124.933,-0.00942478,1.175,-0.00485304,-90972,-90917,-14.501,-20.0953
110.608,-124.932,-0.00628319,1.13,-0.0103769,-90973,-90917,-14.7646,-20.2417
110.63,-124.933,-0.0020944,1.123,0.00719229,-90972,-90918,-14.2373,-20.1261
110.652,-124.933,-0.0115192,1.185,0.00615225,-90972,-90918,-14.2373,-20.0419
110.674,-124.933,-0.00418879,1.098,-0.0037936,-90973,-90918,-14.501,-20.1045
110.696,-124.933,-0.00418879,1.23,-0.00290722,-90972,-90917,-14.501,-20.1436
110.718,-124.933,0.00418879,1.12,0.0197434,-90972,-90920,-13.71,-19.8472
110.74,-124.933,-0.00942478,1.137,-0.00124308,-90972,-90918,-14.2373,-19.8864
110.762,-124.933,0,1.195,0.0131145,-90972,-90920,-13.71,-19.6906
110.784,-124.93,-0.0240855,1.199,-0.0132028,-90973,-90918,-14.501,-19.9001
110.806,-124.933,-0.0188496,1.211,-0.00871988,-90972,-90917,-14.501,-20.0156
110.828,-124.933,-0.00418879,1.218,0.0159424,-90972,-90920,-13.71,-19.7705
110.85,-124.933,0.0010472,1.225,-0.00334155,-90972,-90918,-14.2373,-19.8367
110.872,-124.933,0.00314159,1.174,-0.00291315,-90973,-90919,-14.2373,-19.8756
110.894,-124.933,-0.00418879,1.143,-0.00177571,-90972,-90918,-14.2373,-19.8995
110.916,-124.93,-0.0010472,1.088,-0.00106058,-90972,-90918,-14.2373,-19.9137
110.938,-124.933,-0.0178024,1.187,-0.00111946,-90973,-90919,-14.2373,-19.9287
110.96,-124.932,-0.0167552,1.205,-0.00724085,-90973,-90918,-14.501,-20.0351
110.982,-124.933,-0.0125664,1.194,0.00948019,-90972,-90919,-13.9737,-19.8876
111.004,-124.933,0.00733038,1.182,-0.000883435,-90972,-90918,-14.2373,-19.9096
111.026,-124.933,-0.00628319,1.186,-0.0146894,-90973,-90917,-14.7646,-20.1269
111.048,-124.933,-0.00523599,1.166,0.00430955,-90972,-90918,-14.2373,-20.0482
111.07,-124.933,0.0020944,1.217,0.00329795,-90972,-90918,-14.2373,-20.0028
111.092,-124.933,0.0125664,1.117,0.00208357,-90973,-90919,-14.2373,-19.9759
111.114,-124.932,-0.00314159,1.124,0.0011578,-90972,-90918,-14.2373,-19.9613
111.136,-124.933,0.0010472,1.216,0.00808099,-90972,-90919,-13.9737,-19.8421
111.158,-124.932,-0.0115192,1.179,-0.00229702,-90972,-90918,-14.2373,-19.8845
111.18,-124.932,-0.010472,1.221,0.0130739,-90972,-90920,-13.71,-19.6888
111.202,-124.932,0.0020944,1.252,0.001113,-90972,-90919,-13.9737,-19.6847
111.224,-124.932,0.0146608,1.207,-0.0065628,-90972,-90918,-14.2373,-19.7834
111.246,-124.933,-0.00314159,1.222,-0.00441273,-90972,-90918,-14.2373,-19.8425
111.268,-124.932,0.0188496,1.199,-0.0172357,-90973,-90917,-14.7646,-20.0931
111.29,-124.932,-0.0010472,1.236,-0.0109591,-90973,-90917,-14.7646,-20.2384
111.312,-124.932,-0.0125664,1.224,0.000288391,-90973,-90918,-14.501,-20.2237
111.334,-124.932,0.0020944,1.176,0.00774869,-90972,-90918,-14.2373,-20.1085
111.356,-124.933,-0.0010472,1.204,-0.00230686,-90972,-90917,-14.501,-20.1505
111.378,-124.932,0.0020944,1.204,0.00585831,-90972,-90918,-14.2373,-20.0606
111.4,-124.932,0.015708,1.142,-0.0173763,-90973,-90916,-15.0283,-20.3249
111.422,-124.932,-0.00314159,1.128,0.0167085,-90972,-90919,-13.9737,-20.0609
111.444,-124.932,0.010472,1.21,-0.0101545,-90973,-90917,-14.7646,-20.2259
111.466,-124.933,0.00942478,1.178,0.0145508,-90971,-90918,-13.9737,-20.0007
111.488,-124.932,0,1.16,-0.011451,-90973,-90917,-14.7646,-20.1854
111.51,-124.933,0.0188496,1.134,-0.00135054,-90973,-90918,-14.501,-20.1943
111.532,-124.933,0.00418879,1.179,0.00711527,-90972,-90918,-14.2373,-20.0869
111.554,-124.933,0.00418879,1.18,0.00454982,-90973,-90919,-14.2373,-20.0269
111.576,-124.933,0.00733038,1.093,-0.00431415,-90973,-90918,-14.501,-20.0953
111.598,-124.933,-0.010472,1.202,-0.00306106,-90973,-90918,-14.501,-20.1364
111.62,-124.933,-0.0020944,1.172,-0.00190769,-90972,-90917,-14.501,-20.1616
111.642,-124.932,0.0146608,1.134,-0.0153402,-90973,-90916,-15.0283,-20.3873
111.664,-124.932,0.0188496,1.166,0.00389991,-90973,-90918,-14.501,-20.3138
111.686,-124.933,-0.0020944,1.177,0.00345228,-90973,-90918,-14.501,-20.2666
111.708,-124.933,-0.0366519,1.207,0.00886011,-90972,-90918,-14.2373,-20.1379
111.73,-124.933,-0.0010472,1.184,-0.00050487,-90973,-90918,-14.501,-20.1564
111.752,-124.933,-0.00942478,1.169,-0.00123125,-90972,-90917,-14.501,-20.1731
111.774,-124.932,0.00837758,1.173,-0.000946763,-90972,-90917,-14.501,-20.1848
111.796,-124.933,-0.00837758,1.128,-0.00041414,-90972,-90917,-14.501,-20.1907
111.818,-124.932,0.0115192,1.145,-0.00728008,-90973,-90917,-14.7646,-20.2984
111.84,-124.932,-0.0146608,1.189,0.0234756,-90972,-90920,-13.71,-19.9434
111.862,-124.932,-0.015708,1.213,0.0090226,-90972,-90919,-13.9737,-19.8328
111.884,-124.933,-0.0167552,1.246,0.00493642,-90972,-90919,-13.9737,-19.7685
111.906,-124.932,0.00314159,1.147,-0.00403318,-90973,-90919,-14.2373,-19.8338
111.928,-124.932,0.00628319,1.145,-0.0173641,-90973,-90917,-14.7646,-20.0866
111.95,-124.933,-0.0115192,1.25,0.00290639,-90972,-90918,-14.2373,-20.0263
111.972,-124.932,0.00523599,1.192,-0.00447729,-90972,-90917,-14.501,-20.0958
111.994,-124.932,0.00733038,1.182,0.00398578,-90973,-90919,-14.2373,-20.0322
112.016,-124.933,-0.0115192,1.183,-0.00406444,-90972,-90917,-14.501,-20.0963
112.038,-124.932,0.010472,1.121,-0.0037183,-90973,-90918,-14.501,-20.1476
112.06,-124.932,-0.0020944,1.093,0.00669504,-90973,-90923,-13.1827,-20.0443
112.082,-124.933,0.00837758,1.133,-0.0211823,-90974,-90921,-13.9737,-20.3649
112.104,-124.932,0.0020944,1.132,-0.0388815,-90972,-90916,-14.7646,-20.9189
112.126,-124.932,0.0251327,1.106,-0.0913942,-90973,-90917,-14.7646,-22.2358
112.148,-124.933,-0.00942478,1.215,0.0133361,-90973,-90919,-14.2373,-21.9477
112.17,-124.933,0.0282743,1.139,0.0552618,-90973,-90921,-13.71,-21.1403
112.192,-124.932,0.0230383,1.201,0.159596,-90969,-90909,-15.8192,-18.8308
112.214,-124.93,-0.0240855,1.013,-0.0628437,-90970,-90916,-14.2373,-19.9215
112.236,-124.929,-0.0219911,1.184,0.0418245,-90973,-90929,-11.6008,-19.2393
112.258,-124.936,0.00418879,1.207,-0.0349525,-90975,-90923,-13.71,-19.7982
112.28,-124.934,-0.00314159,1.028,-0.0925925,-90974,-90922,-13.71,-21.1362
112.302,-124.934,-0.0282743,1.107,-0.221651,-90974,-90921,-13.9737,-24.3301
112.324,-124.934,-0.0125664,1.047,0.0107692,-90973,-90921,-13.71,-23.9483
112.346,-124.933,0.0188496,0.997,0.103268,-90973,-90924,-12.919,-22.4284
112.368,-124.929,0.0282743,1.061,0.352941,-90968,-90913,-14.501,-17.2997
112.39,-124.932,-0.00628319,1.099,-0.173719,-90973,-90924,-12.919,-20.2278
112.412,-124.933,-0.0188496,1.007,-0.0643893,-90977,-90933,-11.6008,-21.0085
112.434,-124.932,0.0198968,1.023,0.176982,-90972,-90916,-14.7646,-18.3205
112.456,-124.93,0.0125664,1.091,-0.328289,-90972,-90915,-15.0283,-23.3637
112.478,-124.93,0.0167552,1.01,-0.0120521,-90972,-90919,-13.9737,-23.2141
112.5,-124.934,-0.0188496,1.17,0.0349917,-90974,-90920,-14.2373,-22.6824
112.522,-124.934,0,1.055,0.160714,-90973,-90923,-13.1827,-20.3363
112.544,-124.933,0.0178024,1.063,0.0175102,-90972,-90918,-14.2373,-20.2375
112.566,-124.933,-0.0188496,1.117,-0.152698,-90972,-90917,-14.501,-22.5192
112.588,-124.933,0.00942478,1.036,0.100141,-90972,-90916,-14.7646,-20.8817
112.61,-124.933,-0.0146608,1.12,-0.135301,-90973,-90920,-13.9737,-22.9909
112.632,-124.934,-0.0345575,1.107,-0.103021,-90975,-90923,-13.71,-24.3788
112.654,-124.933,-0.0230383,1.16,0.0849958,-90974,-90922,-13.71,-23.0172
112.676,-124.932,-0.00418879,1.132,0.0162572,-90973,-90918,-14.501,-22.8616
112.698,-124.933,-0.0314159,1.106,0.0252007,-90973,-90919,-14.2373,-22.504
112.72,-124.933,0.00523599,1.022,0.173503,-90977,-90934,-11.3371,-19.9567
112.742,-124.923,0.0303687,1.045,0.589303,-90971,-90927,-11.6008,-11.3979
112.764,-124.937,0.0010472,1.155,-0.39537,-90973,-90912,-16.0829,-17.8502
112.786,-124.933,-0.0198968,0.949,-0.134974,-90974,-90920,-14.2373,-19.4547
112.808,-124.932,0.010472,0.994,-0.0373579,-90971,-90916,-14.501,-19.8724
112.83,-124.932,0.0136136,0.963,-0.187304,-90971,-90917,-14.2373,-22.6157
112.852,-124.938,-0.0261799,0.719,0.756649,-90972,-90910,-16.3465,-11.211
112.874,-124.923,0.0701622,-0.117,-0.0992771,-90907,-90765,-37.4389,-14.479
112.908,-124.708,0.0198968,-0.917,0.135544,-90904,-90894,-2.63654,-11.9376
112.932,-125.029,-0.107861,0.226,-0.338889,-91028,-90953,-19.774,-17.523
112.956,-125.089,-0.100531,0.193,0.123156,-91100,-91077,-6.06404,-15.2038
112.98,-125.135,-0.0596903,0.481,-0.0429776,-91123,-91080,-11.3371,-16.0185
113.004,-125.155,-0.0733038,0.506,0.0454759,-91165,-91131,-8.96423,-15.2441
113.028,-125.168,-0.0251327,0.574,0.141025,-91166,-91151,-3.95481,-13.0218
113.052,-125.154,0.0544543,0.714,0.046869,-91138,-91116,-5.80039,-12.4092
113.076,-125.166,0.0272271,0.96,-0.00620468,-91145,-91118,-7.11866,-12.5558
113.1,-125.173,0.0178024,1.252,-0.034199,-91140,-91109,-8.17327,-13.0993
113.124,-125.168,0.0345575,1.246,-0.18315,-91140,-91084,-14.7646,-16.0109
113.148,-125.158,0.0450295,1.327,-0.176838,-91123,-91059,-16.8739,-18.6683
113.172,-125.147,-0.0303687,1.523,-0.0271896,-91130,-91078,-13.71,-18.9295
113.196,-125.154,-0.0460767,1.678,0.136874,-91140,-91111,-7.64596,-16.7013
113.22,-125.161,0.0282743,1.701,0.000675744,-91137,-91094,-11.3371,-16.8271
113.244,-125.157,-0.015708,1.85,-0.0189281,-91135,-91090,-11.8644,-17.1324
113.268,-125.148,0.0272271,1.894,-0.0115655,-91129,-91084,-11.8644,-17.2994
113.292,-125.135,0.0429351,1.99,-0.0143679,-91113,-91067,-12.1281,-17.5188
113.316,-125.122,0.0251327,2.037,0.0178558,-91110,-91068,-11.0735,-17.2173
113.34,-125.122,0.00837758,2.139,0.0123665,-91109,-91067,-11.0735,-17.0363
113.364,-125.118,0.0146608,2.298,-0.00596214,-91109,-91065,-11.6008,-17.1444
113.388,-125.118,0.0314159,2.301,0.0153969,-91108,-91067,-10.8098,-16.8911
113.412,-125.118,0.00418879,2.372,0.0102241,-91107,-91066,-10.8098,-16.742
113.436,-125.102,0.0439823,2.435,-0.0337624,-91093,-91046,-12.3917,-17.2951
113.46,-125.095,-0.00418879,2.147,0.0168148,-91091,-91050,-10.8098,-16.9909
113.484,-125.095,0.00418879,2.275,0.00658383,-91092,-91050,-11.0735,-16.9019
113.508,-125.095,0.00837758,2.264,-0.0100883,-91091,-91047,-11.6008,-17.0704
113.532,-125.095,0.0261799,2.141,0.0146292,-91091,-91050,-10.8098,-16.8253
113.556,-125.095,0.0251327,2.205,-0.00565139,-91091,-91048,-11.3371,-16.9309
113.58,-125.095,0.015708,2.162,-0.00858003,-91091,-91047,-11.6008,-17.0631
113.604,-125.095,0.0146608,2.189,-0.00560134,-91092,-91048,-11.6008,-17.1444
113.628,-125.096,0.0282743,2.118,0.00206816,-91091,-91048,-11.3371,-17.1057
113.652,-125.096,0.0219911,2.09,0.0155425,-91091,-91050,-10.8098,-16.8579
113.676,-125.095,0.0230383,2.119,-0.00381199,-91091,-91048,-11.3371,-16.9348
113.7,-125.096,0.020944,2.059,0.00368323,-91091,-91049,-11.0735,-16.8717
113.724,-125.096,0.0125664,2.134,0.0100505,-91092,-91051,-10.8098,-16.7137
113.748,-125.095,-0.0010472,2.146,-0.000792464,-91091,-91049,-11.0735,-16.7367
113.772,-125.096,0.0167552,2.052,-0.00780403,-91091,-91048,-11.3371,-16.8612
113.796,-125.096,0,2.07,0.00229318,-91092,-91050,-11.0735,-16.8168
113.82,-125.095,0.0020944,2.076,0.00781053,-91091,-91050,-10.8098,-16.693
113.844,-125.095,0.0219911,2.103,-0.0084293,-91091,-91048,-11.3371,-16.8369
113.868,-125.096,0.0167552,2.04,-0.011867,-91092,-91048,-11.6008,-17.0191
113.892,-125.095,0.0146608,2.105,0.00574012,-91091,-91049,-11.0735,-16.9148
113.916,-125.096,-0.0010472,2.046,0.0104621,-91091,-91050,-10.8098,-16.7518
113.94,-125.096,-0.0219911,2.115,0.00664231,-91091,-91050,-10.8098,-16.656
113.964,-125.096,0.0125664,2.012,0.00443848,-91091,-91050,-10.8098,-16.5915
113.988,-125.096,0.0282743,2.039,-0.00432559,-91092,-91050,-11.0735,-16.6654
114.012,-125.095,0.00837758,1.996,-0.0255572,-91092,-91046,-12.1281,-17.13
114.037,-125.096,0.00733038,1.993,-0.00168689,-91092,-91049,-11.3371,-17.0887
114.061,-125.095,0.0115192,1.991,0.00797119,-91091,-91049,-11.0735,-16.9588
114.085,-125.095,0.00418879,2.055,-0.0146741,-91091,-91046,-11.8644,-17.2028
114.109,-125.096,-0.0020944,2.04,0.0287618,-91091,-91052,-10.2825,-16.7257
114.133,-125.098,0.00418879,2.45,0.041377,-91093,-91058,-9.22789,-16.0891
114.157,-125.098,0.0293215,2.363,0.0273647,-91093,-91058,-9.22789,-15.693
114.181,-125.099,0.0188496,2.5,-0.00901831,-91094,-91055,-10.2825,-15.8628
114.205,-125.098,0,2.539,-0.000802444,-91093,-91054,-10.2825,-15.8591
114.229,-125.092,0.0303687,2.276,0.0024407,-91089,-91049,-10.5462,-15.8243
114.253,-125.092,-0.0178024,2.366,0.00611721,-91090,-91052,-10.0189,-15.7299
114.277,-125.096,-0.0219911,2.376,0.0405904,-91092,-91060,-8.43693,-15.0824
114.301,-125.096,-0.00418879,2.366,0.0207609,-91092,-91059,-8.70058,-14.7887
114.325,-125.095,-0.0125664,2.459,-0.00111104,-91093,-91058,-9.22789,-14.8283
114.349,-125.096,-0.0219911,2.354,-0.00181517,-91092,-91057,-9.22789,-14.8565
114.373,-125.095,0.0115192,2.339,-0.000508184,-91091,-91056,-9.22789,-14.8644
114.397,-125.095,0,2.324,0.0126063,-91092,-91059,-8.70058,-14.6581
114.421,-125.095,0.0293215,2.331,0.00134647,-91092,-91058,-8.96423,-14.6508
114.445,-125.095,0.00733038,2.406,0.0140582,-91091,-91059,-8.43693,-14.4258
114.469,-125.096,0,2.398,-0.0104642,-91091,-91056,-9.22789,-14.6084
114.493,-125.095,0.0303687,2.369,-0.0143983,-91091,-91055,-9.49154,-14.8295
114.517,-125.095,0.0219911,2.417,-0.00220738,-91092,-91057,-9.22789,-14.8508
114.541,-125.095,0.0335103,2.293,-0.00179563,-91092,-91057,-9.22789,-14.8771
114.565,-125.096,0.00733038,2.31,0.0139245,-91092,-91059,-8.70058,-14.652
114.589,-125.096,-0.00733038,2.303,-0.00545398,-91092,-91057,-9.22789,-14.7523
114.613,-125.095,0.0125664,2.336,0.00306695,-91091,-91057,-8.96423,-14.6984
114.637,-125.096,0.0167552,2.309,0.00211453,-91091,-91057,-8.96423,-14.6657
114.661,-125.095,0.0324631,2.3,0.00691589,-91091,-91058,-8.70058,-14.5583
114.685,-125.095,0.0314159,2.218,-0.00733151,-91092,-91057,-9.22789,-14.6829
114.709,-125.095,0.0261799,2.224,0.000957626,-91091,-91057,-8.96423,-14.6603
114.733,-125.095,0.0335103,2.21,-0.00593786,-91091,-91056,-9.22789,-14.7567
114.757,-125.095,0.0167552,2.182,-0.00196392,-91091,-91056,-9.22789,-14.8215
114.782,-125.095,0.00418879,2.142,-0.0322906,-91090,-91051,-10.2825,-15.2991
114.806,-125.092,0.0272271,2.163,-0.0333122,-91089,-91049,-10.5462,-15.8037
