7.93807,14.215,-0.015708,-0.027,2.44498,10352,10315,9.7552,9.74282
7.96006,14.2164,0.015708,0.026,0.172312,10352,10314,10.0189,9.85347
7.98207,14.215,-0.00418879,-0.009,0.00898726,10352,10315,9.49154,9.81381
8.00406,14.215,0.0251327,-0.037,-0.000996285,10351,10314,-1.58192,9.7904
8.02607,14.215,0.0240855,-0.116,-0.00814303,10351,10315,-9.7552,9.67059
8.04807,14.215,0.0261799,-0.061,0.00173945,10352,10315,-12.919,9.70484
8.07008,14.2164,0.0020944,-0.073,-0.00562417,10351,10315,-10.0189,9.61923
8.09207,14.2164,-0.0020944,-0.052,-0.00383576,10352,10316,-14.7646,9.56824
8.11407,14.2164,-0.0010472,-0.066,0.00479902,10352,10315,-17.4012,9.64334
8.13608,14.215,-0.00523599,-0.058,0.00335464,10352,10315,-18.7194,9.68799
8.15807,14.2164,0.00837758,-0.09,-0.00510843,10351,10315,-19.2467,9.60911
8.18008,14.215,0.0125664,-0.103,0.00362177,10352,10315,-18.9831,9.66789
8.20208,14.215,0.00314159,-0.093,0.00972428,10352,10314,-27.42,9.80846
8.22408,14.2164,0.00942478,-0.052,-0.0079396,10351,10315,-30.8475,9.68105
8.24609,14.215,-0.0136136,0.015,0.00154706,10352,10315,-29.7929,9.71109
8.26806,14.2164,0.0230383,-0.073,0.00833393,10352,10314,-31.1112,9.83439
8.29008,14.215,-0.00314159,-0.003,-0.00152826,10351,10314,-39.0208,9.80237
8.31206,14.215,0.0010472,-0.073,-0.00854735,10351,10315,-33.2204,9.67781
8.33407,14.2164,0,-0.077,-0.00559401,10351,10315,-44.5575,9.60343
8.35607,14.2164,0.010472,-0.056,0.00376206,10351,10314,-39.5481,9.66447
8.37807,14.215,0.00628319,-0.05,-0.00445424,10351,10315,-50.0943,9.59495
8.40007,14.2164,0.00628319,-0.07,0.00405349,10351,10314,-49.8306,9.65941
8.42207,14.2164,-0.00314159,-0.028,0.00285158,10352,10315,-52.2035,9.69766
8.44407,14.215,0.00418879,-0.033,-0.0125336,10351,10316,-59.3221,9.50919
8.46608,14.215,-0.00837758,-0.107,0.00587379,10352,10315,-58.5312,9.6083
8.48807,14.215,0.00628319,-0.081,-0.00279729,10351,10315,-61.4314,9.56124
8.51008,14.2164,0.020944,-0.127,-0.00205713,10351,10315,-63.0133,9.5334
8.53208,14.2164,0.00418879,-0.087,0.00586119,10351,10314,-60.3768,9.62242
8.55408,14.2164,0.00523599,-0.075,-0.00316271,10351,10315,-63.8043,9.56969
8.57608,14.2164,-0.0146608,-0.044,0.00482723,10352,10315,-58.5312,9.64423
8.59808,14.215,-0.020944,-0.015,-0.0180989,10351,10317,-70.9229,9.37137
8.62008,14.215,-0.0146608,-0.025,0.00921561,10352,10315,-70.132,9.52595
8.64209,14.215,-0.0136136,-0.05,0.0139737,10352,10314,-63.2769,9.72321
8.66407,14.215,-0.0136136,-0.037,-0.00538186,10351,10315,-60.9041,9.62984
8.68607,14.2164,0.0198968,-0.091,0.0030367,10352,10315,-59.5858,9.68031
8.70807,14.2164,-0.0010472,-0.042,0.00221463,10352,10315,-70.3956,9.71024
8.73007,14.2164,0.00628319,-0.063,-0.00576435,10351,10315,-66.9681,9.62248
8.75207,14.215,0.00314159,-0.033,-0.00392018,10351,10315,-64.0679,9.57019
8.77407,14.215,0.00523599,-0.107,-0.00238752,10351,10315,-67.2318,9.53878
8.79608,14.2164,0.0240855,-0.14,0.00571619,10351,10314,-63.8043,9.62563
8.81808,14.215,0.00418879,-0.097,-0.00326567,10351,10315,-60.1131,9.57166
8.84008,14.215,0.00733038,-0.082,0.00474771,10352,10315,-63.2769,9.64539
8.86208,14.2164,0.0125664,-0.059,0.0032899,10352,10315,-59.5858,9.68924
8.88408,14.215,0.00628319,-0.148,0.00198302,10352,10315,-69.341,9.71557
8.90609,14.2164,0.0240855,-0.12,-0.00592299,10351,10315,-58.0039,9.62566
8.92809,14.2164,0.0010472,-0.075,-0.00400372,10351,10315,-63.8043,9.57211
8.95009,14.2164,-0.0010472,-0.088,-0.00245598,10351,10315,-63.5406,9.53994
8.97209,14.215,-0.00314159,-0.053,0.00568752,10352,10315,-68.8137,9.62634
8.99408,14.215,-0.0010472,-0.137,-0.00330015,10351,10315,-67.7591,9.57207
9.01609,14.2164,0.00942478,-0.118,0.00476699,10351,10314,-65.6498,9.64564
9.03808,14.2164,-0.00523599,-0.024,-0.00387655,10351,10315,-73.0321,9.58367
9.06009,14.215,0.0115192,-0.127,-0.00274394,10351,10315,-63.8043,9.54687
9.08209,14.2164,-0.00314159,-0.097,-0.00880679,10351,10316,-70.132,9.41906
9.10409,14.215,0.0020944,-0.152,0.0013809,10351,10315,-69.8683,9.44844
9.12609,14.215,0.00733038,-0.092,0.00840234,10352,10315,-66.1771,9.57137
9.14809,14.215,-0.0010472,-0.091,0.00550904,10352,10315,-74.6141,9.64479
9.1701,14.215,-0.0010472,-0.106,-0.00378412,10351,10315,-66.1771,9.58315
9.1921,14.2164,-0.0146608,-0.068,-0.002722,10351,10315,-65.3862,9.54656
9.2141,14.2164,0.00733038,-0.083,0.00546537,10352,10315,-66.9681,9.6303
9.2361,14.2164,0.00733038,-0.05,-0.0033878,10351,10315,-59.8494,9.57446
9.25809,14.215,0.0146608,-0.132,0.011775,10352,10314,-52.4671,9.75279
9.2801,14.2164,0.0188496,-0.162,0.00795381,10352,10314,-52.4671,9.85905
9.30211,14.215,0.0136136,-0.138,-0.00222594,10352,10315,-51.6762,9.81714
9.32409,14.2164,-0.00314159,-0.11,-0.0018891,10352,10315,-54.84,9.7924
9.3461,14.215,-0.0020944,-0.076,-0.00111595,10352,10315,-51.9398,9.77753
9.36811,14.215,-0.0115192,-0.139,-0.00780194,10351,10315,-52.7308,9.66291
9.39011,14.215,-0.00314159,-0.151,-0.00510477,10351,10315,-46.6667,9.59448
9.41209,14.2164,0,-0.113,-0.00316528,10351,10315,-42.4483,9.55337
9.43409,14.215,-0.00628319,-0.103,0.00526849,10352,10315,-38.7571,9.6344
9.45609,14.215,-0.00733038,-0.116,0.0107406,10352,10314,-40.3391,9.78837
9.47809,14.215,-0.00314159,-0.06,-0.000204316,10351,10314,-37.1752,9.77468
9.50009,14.2164,0.00628319,-0.087,-0.00767116,10351,10315,-37.7025,9.66118
9.5221,14.215,0.00733038,-0.15,0.00204501,10352,10315,-34.275,9.69914
9.5441,14.215,-0.0115192,-0.073,0.00164397,10351,10314,-30.5839,9.72154
9.5661,14.215,0.00418879,-0.126,0.00101969,10352,10315,-27.42,9.73499
9.5881,14.215,-0.00733038,-0.111,-0.00650697,10351,10315,-25.5744,9.63733
9.6101,14.2164,0.00837758,-0.145,0.00274592,10351,10314,-24.7835,9.68484
9.63211,14.2164,0,-0.074,-0.00503859,10351,10315,-23.2015,9.60721
9.65411,14.215,-0.00314159,-0.072,-0.00345835,10351,10315,-17.4012,9.56102
9.67611,14.215,-0.0020944,-0.092,-0.00210313,10351,10315,-13.1827,9.53328
9.69811,14.215,-0.020944,0.004,-0.00837491,10351,10316,-12.1281,9.41087
9.72009,14.2164,-0.00942478,-0.022,0.00159541,10351,10315,-11.3371,9.44353
9.7421,14.2164,-0.00628319,-0.068,0.0085559,10352,10315,-7.64596,9.56844
9.76409,14.2164,0.00523599,0.014,0.00559701,10352,10315,-7.38231,9.64301
9.78609,14.2164,0.00628319,-0.111,-0.0037375,10352,10316,-4.74577,9.58209
9.8081,14.215,-0.00837758,-0.064,-0.00272021,10351,10315,-3.4275,9.54593
9.83012,14.215,0.00418879,-0.086,0.00556129,10352,10315,-3.16385,9.62994
9.8521,14.2164,-0.0010472,-0.063,-0.00340938,10351,10315,-3.95481,9.57422
9.87409,14.2164,0.00523599,-0.056,0.00465575,10352,10315,-3.69116,9.64694
9.8961,14.2164,0.0198968,-0.118,0.00323576,10351,10314,-3.69116,9.69016
9.9181,14.215,-0.00628319,-0.155,0.00197183,10352,10315,-3.69116,9.71614
9.9401,14.2164,-0.00314159,-0.014,0.00117831,10352,10315,-4.21846,9.73172
9.96211,14.215,0.00837758,-0.17,-0.00640963,10351,10315,-3.69116,9.63537
9.98411,14.215,-0.020944,-0.021,0.00281867,10352,10315,-3.69116,9.68366
10.0061,14.215,0.0010472,-0.13,-0.0121001,10351,10316,-3.4275,9.50078
10.0281,14.215,0.010472,-0.145,-0.00116129,10352,10316,-3.69116,9.49753
10.0501,14.2164,0.00942478,-0.128,0.00696927,10352,10315,-3.4275,9.60086
10.0721,14.215,-0.0198968,-0.047,-0.00247074,10351,10315,-3.16385,9.55676
10.0941,14.215,0.00418879,-0.063,-0.00195171,10351,10315,-3.69116,9.53074
10.1161,14.2164,0.0115192,-0.142,-0.00119889,10352,10316,-4.74577,9.51508
10.1381,14.215,-0.00628319,-0.135,-0.000720683,10351,10315,-4.21846,9.50567
10.1601,14.215,0.00418879,-0.086,0.00669839,10352,10315,-4.21846,9.60576
10.1821,14.215,0,-0.094,0.00442534,10352,10315,-4.21846,9.66542
10.2041,14.2164,0.0146608,-0.117,-0.0114637,10351,10316,-3.95481,9.48984
10.2261,14.2164,0.00314159,-0.132,0.00640212,10352,10315,-4.48212,9.59668
10.2481,14.215,-0.00628319,-0.132,0.00469569,10352,10315,-4.48212,9.65999
10.2701,14.215,0.00733038,-0.148,-0.0113951,10351,10316,-3.95481,9.48656
10.2921,14.215,-0.00628319,-0.125,0.00655328,10352,10315,-3.69116,9.59472
10.3141,14.215,-0.00314159,-0.112,0.004758,10352,10315,-3.95481,9.6588
10.3361,14.215,0.00523599,-0.125,-0.00422998,10351,10315,-4.48212,9.59156
10.3581,14.2164,0.0188496,-0.122,-0.0029558,10351,10315,-4.48212,9.55161
10.3801,14.2164,0.00418879,-0.078,0.00525755,10352,10315,-4.21846,9.63335
10.4021,14.215,0.015708,-0.171,0.00376215,10352,10315,-3.95481,9.68201
10.4241,14.2164,0.00837758,-0.143,0.00928083,10352,10314,-4.21846,9.81697
10.4461,14.215,-0.015708,-0.109,-0.0153292,10351,10316,-4.48212,9.58041
10.4681,14.2164,0.0010472,-0.149,-0.00340996,10352,10316,-4.21846,9.54536
10.4901,14.2164,-0.0010472,-0.16,-0.00166901,10351,10315,-3.69116,9.52387
10.5121,14.2164,-0.00418879,-0.098,0.0061459,10352,10315,-4.48212,9.61668
10.5341,14.2164,0.00733038,-0.112,0.0112663,10352,10314,-4.48212,9.77772
10.5561,14.215,-0.0230383,-0.116,0.000141118,10352,10315,-4.48212,9.76828
10.5781,14.215,0.00314159,-0.111,-0.00748118,10351,10315,-3.69116,9.65734
10.6001,14.2164,0.0125664,-0.103,-0.0121131,10351,10316,-4.21846,9.4854
10.6221,14.2164,-0.00733038,-0.151,0.00652413,10351,10314,-4.21846,9.59402
10.6441,14.2164,-0.00628319,-0.115,0.00477879,10352,10315,-5.00943,9.65838
10.6661,14.2164,0.0178024,-0.118,-0.00420891,10351,10315,-3.95481,9.59131
10.6881,14.215,-0.00314159,-0.093,-0.0101099,10350,10315,-4.21846,9.44574
10.7101,14.215,-0.00733038,-0.157,0.0148889,10352,10314,-4.48212,9.67592
10.7321,14.2164,0.0010472,-0.105,-0.00401005,10351,10315,-3.95481,9.60142
10.7541,14.2164,-0.0136136,-0.091,-0.00330133,10351,10315,-4.74577,9.55753
10.7761,14.215,0.0167552,-0.144,0.00517203,10351,10314,-4.74577,9.63691
10.7981,14.2164,0.0020944,-0.166,-0.00357143,10351,10315,-4.21846,9.57843
10.8201,14.2164,0.0125664,-0.15,0.00452891,10352,10315,-4.48212,9.64945
10.8421,14.2164,0.00418879,-0.189,-0.00398414,10352,10316,-3.69116,9.58594
10.8641,14.2164,0.0010472,-0.082,0.00430646,10351,10314,-4.21846,9.65399
10.8861,14.2164,0.00628319,-0.158,-0.00409374,10351,10315,-3.95481,9.58868
10.9081,14.215,0,-0.146,0.00421586,10351,10314,-3.69116,9.65562
10.9301,14.2164,0.0125664,-0.184,0.00299154,10352,10315,-4.48212,9.69538
10.9521,14.2164,0.00942478,-0.13,0.00179442,10352,10315,-3.95481,9.71923
10.9741,14.215,0.00418879,-0.158,0.00109721,10352,10315,-4.21846,9.73361
10.9961,14.215,0.0010472,-0.225,0.000651837,10352,10315,-4.21846,9.74225
11.0181,14.215,-0.0230383,-0.104,-0.0067373,10351,10315,-4.48212,9.64169
11.0401,14.2164,-0.00314159,-0.233,-0.00449573,10351,10315,-3.95481,9.58174
11.0621,14.215,-0.010472,-0.066,0.00438598,10352,10315,-3.16385,9.65144
11.0841,14.2164,-0.00314159,-0.172,0.00310703,10352,10315,-0.527308,9.69285
11.1061,14.2164,-0.0020944,0.307,-0.005266,10351,10315,5.00943,9.61182
11.1281,14.2177,0.0136136,1.094,-0.132032,10357,10339,7.38231,7.66063
11.1501,14.3921,0.240855,1.446,-0.315814,10580,10594,8.96423,3.11204
11.1721,14.8137,0.38118,1.487,-0.340184,10919,10952,7.64596,-1.61541
11.1941,15.3548,0.478569,1.444,-0.199619,11346,11377,11.0735,-4.23455
11.2161,15.9467,0.475428,1.47,-0.133786,11764,11797,15.5556,-6.01758
11.2381,16.5276,0.497419,1.651,-0.159845,12213,12257,21.8833,-8.2534
11.2601,17.2239,0.598997,1.73,-0.222338,12744,12805,21.6196,-11.3903
11.2821,18.0094,0.658687,1.728,-0.212812,13325,13396,22.9379,-14.3221
11.3041,18.8457,0.711047,1.803,-0.14729,13967,14040,26.629,-16.2925
11.3261,19.715,0.694292,1.925,-0.117861,14579,14656,25.5744,-17.8924
11.3481,20.6173,0.781209,2.186,-0.2229,15290,15388,30.5839,-21.079
11.3701,21.7008,0.90059,1.991,-0.250383,16111,16224,39.2844,-24.5688
11.3921,22.8805,0.942478,1.809,-0.136367,16947,17057,40.8664,-26.3398
11.4141,23.9846,0.930959,2.306,-0.145264,17798,17917,40.6027,-28.3565
11.4361,25.2741,1.05976,2.035,-0.35529,18766,18922,46.6667,-33.4768
11.4581,26.668,1.09118,1.899,0.00510815,19753,19876,42.9756,-33.0444
11.4801,27.9892,1.13726,2.091,-0.303945,20780,20948,48.776,-37.5624
11.5021,29.519,1.24617,1.951,-0.073741,21920,22070,53.2581,-38.3491
11.5241,31.0104,1.19381,2.079,-0.194507,22998,23170,56.4219,-41.1556
11.5461,32.6501,1.34984,2.048,-0.275927,24240,24433,62.2223,-45.0516
11.5681,34.3214,1.3069,2.057,-0.218701,25432,25631,64.3316,-48.0182
11.5901,36.0847,1.44827,2.051,-0.3348,26763,26990,70.6593,-52.7642
11.6121,37.9057,1.42419,2.018,-0.163429,28077,28297,70.6593,-54.8507
11.6341,39.8297,1.60431,1.842,-0.189569,29544,29777,77.2506,-57.4974
11.6561,41.7963,1.53833,1.883,-0.168202,30969,31209,74.8777,-59.8028
11.6781,43.896,1.72369,1.734,-0.0486329,32512,32744,77.5143,-60.3539
11.7001,45.9189,1.67133,2.06,-0.132281,34032,34279,78.8325,-62.2674
11.7221,48.1395,1.72473,1.541,0.0923101,35583,35805,76.196,-60.7667
11.7441,50.2352,1.74568,1.626,-0.0979285,37178,37423,84.6329,-62.3093
11.7661,52.3583,1.63572,1.711,-0.195451,38677,38940,78.3052,-65.1088
11.7881,54.5281,1.74987,1.603,0.0147363,40265,40508,76.4596,-64.6963
11.8101,56.5812,1.66819,1.867,0.0891686,41790,42023,80.9418,-63.3854
11.8321,58.7524,1.70274,1.51,0.108715,43324,43550,78.8325,-61.8667
11.8541,60.8453,1.70798,1.617,-0.252608,44873,45144,85.4239,-65.7208
11.8761,62.9807,1.66714,1.595,-0.0137864,46390,46639,78.8325,-65.6718
11.8981,65.0846,1.7373,1.681,0.0206341,47978,48224,78.8325,-65.3519
11.9201,67.1542,1.64724,1.845,0.000758356,49479,49727,85.4239,-65.3617
11.9421,69.3446,1.7195,1.528,0.0705408,51025,51263,83.842,-64.3171
11.9641,71.41,1.71217,1.701,0.0536301,52582,52819,83.842,-63.5927
11.9861,73.5345,1.65981,1.723,0.0699829,54081,54313,83.3146,-62.609
12.0081,75.6398,1.74358,1.599,0.0217294,55651,55886,84.8966,-62.3565
12.0301,77.7093,1.63363,1.824,-0.129647,57150,57405,80.9418,-64.3059
12.0521,79.8901,1.74254,1.456,0.189993,58712,58928,80.9418,-61.3538
12.0741,81.9116,1.69122,1.852,-0.168151,60239,60497,78.8325,-64.0401
12.0961,84.0677,1.66819,1.587,0.0387821,61756,61992,83.3146,-63.2979
12.1181,86.1634,1.73102,1.653,-0.0828053,63323,63575,84.3693,-64.5642
12.1401,88.2521,1.64201,1.781,-0.0770823,64811,65066,80.6781,-65.6242
12.1621,90.3849,1.72997,1.625,0.093961,66382,66617,79.6235,-64.1544
12.1841,92.4407,1.67237,1.796,-0.205523,67892,68165,82.7873,-67.2923
12.2061,94.6091,1.67028,1.765,0.109558,69428,69666,82.26,-65.4639
12.2281,96.6979,1.72473,1.713,-0.148041,70971,71241,85.4239,-67.763
12.2501,98.7853,1.64201,1.911,-0.051761,72483,72746,79.3598,-68.3848
12.2721,100.933,1.72683,1.624,0.0703559,74043,74292,83.5783,-67.2909
12.2941,102.989,1.65771,1.842,-0.150502,75571,75848,84.1056,-69.5928
12.3161,105.144,1.69332,1.741,0.0611014,77097,77351,86.2148,-68.5364
12.3381,107.22,1.71217,1.676,0.0748296,78666,78916,77.2506,-67.4879
12.3601,109.349,1.65248,1.726,0.00519759,80160,80416,-457.967,-67.4871
12.3821,111.472,1.69018,1.283,0.164049,81698,81931,73.0321,-65.0587
12.4041,113.345,1.4577,1.237,0.345176,82992,83192,64.3316,-60.107
12.4261,115.049,1.31528,1.285,0.208028,84169,84371,61.9587,-57.369
12.4481,116.517,1.17181,1.844,0.253253,85223,85407,63.0133,-53.8217
12.4701,117.988,1.22627,1.95,-0.0110546,86337,86545,60.3768,-54.2388
12.4921,119.521,1.21056,1.856,0.0549106,87419,87617,62.7496,-53.4148
12.5141,120.976,1.17286,1.789,-0.0210375,88476,88682,59.8494,-53.7801
12.5361,122.416,1.11527,1.397,0.234244,89486,89657,53.2581,-50.2873
12.5581,123.653,0.964469,1.639,0.227454,90340,90501,50.0943,-47.1496
12.5801,124.812,0.948761,1.664,0.291922,91195,91335,49.0396,-43.0521
12.6021,125.92,0.873363,1.538,0.121361,91966,92115,48.776,-41.5454
12.6241,126.941,0.823097,1.763,0.0974718,92697,92842,44.5575,-40.2225
12.6461,127.939,0.818908,1.763,0.0675248,93429,93573,46.1394,-39.3179
12.6681,128.922,0.789587,1.496,0.112362,94121,94255,42.4483,-37.7201
12.6901,129.767,0.647168,1.425,0.193338,94685,94802,35.3296,-34.9667
12.7121,130.5,0.596903,1.467,0.21697,95212,95316,33.2204,-31.9437
12.7341,131.183,0.553968,1.496,0.193484,95704,95800,31.1112,-29.2924
12.7561,131.835,0.52674,1.214,0.0776326,96163,96265,31.1112,-28.3354
12.7781,132.404,0.453437,1.186,0.129729,96547,96637,28.211,-26.4894
12.8001,132.862,0.351858,1.147,0.232945,96847,96916,23.9925,-23.1663
12.8221,133.222,0.293215,1.209,0.313806,97086,97132,20.3014,-18.7466
12.8441,133.483,0.227242,1.361,0.213747,97271,97315,14.7646,-15.8919
12.8661,133.745,0.238761,1.26,0.144332,97461,97503,14.2373,-13.9664
12.8881,133.966,0.168599,0.901,0.180483,97588,97617,11.8644,-11.4365
12.9101,134.094,0.124617,0.93,0.135677,97676,97702,9.7552,-9.60546
12.9321,134.207,0.100531,0.9,0.118881,97741,97762,9.49154,-7.97839
12.9541,134.24,0.0272271,0.644,0.123785,97749,97763,9.7552,-6.26317
12.9761,134.238,0.00837758,0.599,0.0776702,97749,97763,9.22789,-5.23605
12.9981,134.237,0,0.525,0.0397296,97749,97764,9.7552,-4.72486
13.0201,134.237,-0.00418879,0.446,0.0234254,97748,97763,9.22789,-4.41734
13.0421,134.241,0.0125664,0.341,-0.0002338,97748,97765,9.49154,-4.4441
13.0641,134.237,0.0010472,0.245,0.0203588,97749,97763,9.49154,-4.14212
13.0861,134.24,-0.00733038,0.094,0.00639311,97748,97763,9.7552,-4.06776
13.1081,134.241,0.00837758,0.08,0.0106035,97749,97763,9.49154,-3.91691
13.1301,134.24,0.00942478,-0.039,0.013927,97750,97763,9.49154,-3.72105
13.1521,134.24,0.00942478,-0.113,0.00172226,97750,97764,9.49154,-3.70953
13.1741,134.238,0.0010472,-0.198,-0.0136618,97748,97764,9.7552,-3.91364
13.1961,134.24,0.00628319,-0.299,0.012264,97750,97763,9.49154,-3.71822
13.2181,134.24,-0.0146608,-0.378,-0.012755,97750,97766,9.49154,-3.91928
13.2401,134.24,-0.00314159,-0.452,-0.0160148,97748,97765,9.49154,-4.14448
13.2621,134.237,-0.00837758,-0.496,0.0112044,97749,97763,10.0189,-3.96216
13.2841,134.234,-0.0188496,-0.62,0.00805861,97745,97759,10.0189,-3.85391
13.3061,134.234,0.0010472,-0.653,0.00491499,97744,97758,9.7552,-3.78891
13.3281,134.219,-0.020944,-0.463,-0.0112815,97736,97752,9.7552,-3.96133
13.3501,134.219,-0.020944,-0.456,0.00657591,97737,97751,9.49154,-3.85259
13.3721,134.222,-0.00837758,-0.439,-0.0094776,97735,97751,9.7552,-3.99954
13.3941,134.219,-0.0010472,-0.421,-0.013664,97735,97752,9.7552,-4.1927
13.4161,134.218,-0.00942478,-0.423,-0.00871798,97735,97752,9.7552,-4.3083
13.4381,134.22,-0.0178024,-0.398,-0.0124106,97735,97753,9.22789,-4.48341
13.4601,134.219,0.0010472,-0.453,-0.000766501,97735,97752,9.49154,-4.48244
13.4821,134.22,0.00523599,-0.415,0.0213518,97737,97751,9.22789,-4.16515
13.5041,134.219,0.0010472,-0.466,-5.1848e-05,97735,97751,9.49154,-4.18731
13.5261,134.22,-0.0010472,-0.434,0.00627586,97737,97752,9.7552,-4.09402
13.5481,134.222,-0.0125664,-0.432,0.0113152,97735,97749,9.49154,-3.93272
13.5701,134.219,-0.00314159,-0.465,-0.00699085,97736,97752,10.2825,-4.04769
13.5921,134.219,0.020944,-0.473,0.00205491,97736,97751,9.22789,-4.01016
13.6141,134.222,-0.0010472,-0.396,-0.0126494,97736,97753,9.22789,-4.19951
13.6361,134.219,-0.010472,-0.404,-0.00130856,97735,97751,10.0189,-4.20666
13.6581,134.219,0.00942478,-0.418,-0.014683,97735,97753,9.49154,-4.4228
13.6801,134.219,0.0010472,-0.452,-0.00972018,97735,97753,9.22789,-4.55177
13.7021,134.219,-0.0251327,-0.393,0.00840225,97735,97751,9.49154,-4.4178
13.7241,134.22,-0.0178024,-0.439,-0.0154588,97735,97754,9.49154,-4.65538
13.7461,134.219,-0.0219911,-0.395,0.0179492,97737,97752,9.7552,-4.37385
13.7681,134.22,0.0178024,-0.508,-0.0160293,97734,97753,9.22789,-4.62941
13.7901,134.22,-0.0020944,-0.422,0.0172081,97736,97751,9.49154,-4.35826
13.8121,134.219,-0.0251327,-0.374,-0.0093722,97735,97753,9.7552,-4.51433
13.8341,134.22,-0.00837758,-0.432,0.000269401,97735,97752,9.49154,-4.50103
13.8561,134.219,0.00523599,-0.431,-0.00660587,97735,97753,9.49154,-4.59919
13.8781,134.22,-0.0020944,-0.416,0.0170031,97736,97751,9.7552,-4.34056
13.9001,134.22,-0.00523599,-0.347,0.00441003,97735,97751,9.7552,-4.29224
13.9221,134.22,0.00314159,-0.479,0.00227382,97736,97752,9.7552,-4.26279
13.9441,134.218,0.0020944,-0.413,0.00135507,97737,97753,9.49154,-4.24507
13.9661,134.22,-0.00837758,-0.431,0.00793955,97736,97751,9.49154,-4.12872
13.9881,134.22,0.0261799,-0.49,-0.00904524,97735,97752,9.7552,-4.27073
14.0101,134.22,0.0198968,-0.493,0.00795107,97736,97751,9.7552,-4.1437
14.0321,134.219,-0.00837758,-0.501,-0.00149642,97737,97753,9.49154,-4.17399
14.0541,134.218,-0.0010472,-0.367,0.0201006,97736,97749,9.22789,-3.87457
14.0761,134.218,-0.00628319,-0.876,0.0205153,97725,97737,9.22789,-3.59034
14.0981,134.175,-0.0575959,-1.058,0.0842069,97686,97688,9.49154,-2.36281
14.1201,134.068,-0.141372,-1.257,0.19773,97569,97551,8.70058,0.484181
14.1421,133.814,-0.243997,-1.25,0.206568,97356,97327,-3.4275,3.34853
14.1641,133.48,-0.300546,-1.302,0.179585,97095,97059,10.0189,5.80407
14.1861,133.079,-0.337198,-1.287,0.040061,96800,96774,9.49154,6.21842
14.2081,132.662,-0.369661,-1.488,0.133925,96475,96433,9.49154,8.16389
14.2301,132.151,-0.44087,-1.601,0.180107,96079,96024,4.74577,10.6994
14.2521,131.563,-0.511032,-1.624,0.321009,95625,95541,-1.05462,15.2829
14.2742,130.867,-0.593761,-1.647,0.19966,95092,95009,-3.69116,17.917
14.2961,130.095,-0.646121,-1.672,0.191467,94512,94419,-4.74577,20.5568
14.3181,129.245,-0.692198,-1.552,0.212311,93898,93792,-6.06404,23.5127
14.3401,128.4,-0.688009,-1.705,0.0766528,93267,93169,-6.855,24.4368
14.3621,127.457,-0.759218,-1.999,0.178343,92550,92433,-13.1827,27.0035
14.3841,126.423,-0.868127,-2.019,0.304384,91753,91607,-16.3465,31.6022
14.4071,125.258,-0.961327,-1.865,0.254912,90887,90735,-16.3465,34.9866
14.4291,124.048,-0.977035,-1.792,0.12564,90004,89856,-18.7194,36.5948
14.4511,122.821,-1.01055,-1.833,0.209258,89083,88916,-17.6648,39.5701
14.4731,121.456,-1.11108,-1.844,0.126862,88091,87925,-25.0471,41.2424
14.4951,120.098,-1.1226,-2.019,0.204917,87069,86885,-32.6931,44.1528
14.5171,118.618,-1.23255,-1.836,0.252302,85957,85756,-27.1564,47.6867
14.5391,117.056,-1.25245,-1.83,0.295464,84824,84604,-33.7477,51.8149
14.5611,115.453,-1.3268,-1.86,0.307478,83607,83370,-36.6479,56.0792
14.5831,113.745,-1.34984,-1.674,0.200612,82376,82138,-33.2204,58.7438
14.6051,112.018,-1.41686,-1.919,0.34909,81076,80806,-45.6121,63.7182
14.6271,110.158,-1.47969,-1.683,0.253126,79722,79448,-40.8664,67.1234
14.6491,108.272,-1.55718,-1.836,0.176138,78308,78031,-46.9304,69.4789
14.6711,106.282,-1.59069,-1.774,0.0789265,76853,76580,-53.2581,70.4734
14.6931,104.236,-1.67866,-1.758,0.217076,75344,75047,-49.5669,73.6077
14.7151,102.142,-1.69437,-1.732,0.212212,73809,73502,-60.3768,76.5372
14.7371,99.976,-1.72788,-1.441,-0.052795,72231,71950,-61.695,75.545
14.7591,97.8432,-1.7017,-1.602,0.185496,70689,70376,-59.3221,78.346
14.7811,95.7119,-1.69751,-1.573,0.0394317,69128,68827,-66.1771,78.7442
14.8031,93.586,-1.72159,-1.53,0.0192682,67567,67266,-58.5312,78.9911
14.8251,91.4547,-1.67761,-1.463,-0.0388453,66049,65755,-63.5406,78.3979
14.8471,89.3343,-1.7017,-1.492,0.0235193,64495,64194,-56.9493,78.7825
14.8691,87.2235,-1.68913,-1.627,0.166869,62959,62637,-70.132,81.2329
14.8911,85.1032,-1.69751,-1.572,-0.0328452,61400,61098,-68.2864,80.5807
14.9131,82.9636,-1.71007,-1.493,0.0219868,59848,59539,-59.5858,80.9379
14.9351,80.8514,-1.67761,-1.636,0.0799668,58317,57999,-65.6498,82.1011
14.9571,78.7187,-1.70903,-1.471,0.0876773,56765,56442,-64.0679,83.3232
14.9791,76.6203,-1.69227,-1.633,-0.0585307,55216,54909,-65.3862,82.3656
15.0011,74.5041,-1.68704,-1.506,-0.0707412,53684,53381,-62.2223,81.3756
15.0231,72.3768,-1.70274,-1.485,0.0979046,52150,51827,-64.5952,82.894
15.0451,70.2565,-1.69332,-1.444,0.010008,50604,50289,-67.4954,82.9525
15.0671,68.1375,-1.69437,-1.478,0.0321227,49066,48747,-63.8043,83.4149
15.0891,66.0473,-1.69855,-1.574,-0.243043,47510,47228,-60.3768,79.7779
15.1111,63.9311,-1.67866,-1.491,-0.0415638,45986,45687,-62.7496,79.4077
15.1331,61.7846,-1.70798,-1.435,0.0529589,44444,44135,-59.3221,80.2353
15.1551,59.6848,-1.6996,-1.571,0.0936675,42903,42586,-68.0227,81.5724
15.1771,57.5864,-1.68494,-1.375,-0.0108964,41360,41053,-57.2129,81.3154
15.1991,55.4619,-1.68285,-1.404,0.0818212,39823,39503,-66.4408,82.5414
15.2211,53.3484,-1.68913,-1.47,-0.00945592,38281,37970,-62.486,82.3176
15.2431,51.2157,-1.70379,-1.52,0.0267962,36755,36439,-64.8589,82.7232
15.2651,49.1214,-1.7017,-1.507,0.00346994,35206,34892,-71.9775,82.7496
15.2871,47.0203,-1.6818,-1.472,0.0294591,33675,33357,-61.1677,83.1841
15.3091,44.8958,-1.69122,-1.601,-0.0799645,32118,31814,-70.3956,81.967
15.3311,42.7988,-1.68913,-1.485,0.038492,30596,30279,-66.9681,82.618
15.3531,40.6702,-1.70588,-1.469,-0.0645393,29055,28751,-65.1225,81.6248
15.3751,38.5525,-1.68494,-1.399,-0.000807543,27537,27227,-69.0773,81.6745
15.3971,36.5352,-1.55928,-0.995,-0.304913,26118,25851,-65.6498,77.1565
15.4191,34.7664,-1.39591,-1.177,-0.366376,24881,24637,-76.7233,72.0301
15.4411,33.1541,-1.27758,-1.427,-0.267206,23742,23503,-61.4314,68.4394
15.4631,31.627,-1.23569,-1.613,-0.249808,22627,22400,-65.6498,65.0037
15.4851,30.0807,-1.26397,-1.61,-0.169708,21488,21263,-66.9681,62.7397
15.5071,28.5591,-1.22208,-1.497,-0.0390245,20403,20169,-60.3768,62.3256
15.5291,27.0951,-1.1582,-1.394,-0.0837083,19349,19124,-53.5218,61.1263
15.5511,25.7163,-1.06605,-1.247,-0.217971,18400,18198,-52.4671,57.9792
15.5731,24.4941,-0.980177,-1.386,-0.227246,17519,17329,-49.8306,54.8276
15.5951,23.3199,-0.956091,-1.507,-0.149872,16681,16492,-57.4766,52.834
15.6171,22.2007,-0.88174,-1.459,-0.183578,15884,15708,-50.0943,50.2622
15.6391,21.146,-0.852419,-1.426,-0.13771,15126,14953,-52.9944,48.4042
15.6611,20.1531,-0.784351,-1.309,-0.176806,14424,14264,-44.8212,45.9205
15.6831,19.222,-0.740369,-1.215,-0.169726,13764,13612,-42.1846,43.5825
15.7052,18.3843,-0.672301,-1.217,-0.234137,13174,13040,-38.2298,40.2804
15.7271,17.6304,-0.601091,-1.169,-0.177631,12651,12521,-39.0208,37.8821
15.7491,16.9465,-0.54559,-1.121,-0.20877,12174,12058,-36.3842,34.9651
15.7711,16.3477,-0.503702,-1.198,-0.0966817,11744,11623,-39.2844,33.7433
15.7932,15.7792,-0.444012,-0.958,-0.184299,11360,11257,-33.2204,31.1061
15.8152,15.3068,-0.386416,-0.915,-0.182947,11032,10938,-31.3748,28.579
15.8371,14.8989,-0.329867,-0.818,-0.228818,10754,10676,-26.1017,25.3718
15.8591,14.5803,-0.245044,-0.577,-0.287446,10562,10504,-26.3654,21.3396
15.8811,14.4141,-0.143466,-0.874,-0.196514,10459,10403,-25.5744,18.7139
15.9031,14.2685,-0.129852,-0.923,-0.212334,10367,10324,-23.4652,15.7625
15.9251,14.2219,-0.0324631,-0.811,-0.176295,10355,10318,-17.1375,13.3613
15.9471,14.2205,-0.0146608,-0.811,-0.11617,10355,10319,-12.6554,11.8155
15.9691,14.2191,-0.0136136,-0.788,-0.0775647,10354,10319,-13.1827,10.7819
15.9911,14.2191,0.00733038,-0.904,-0.0542357,10354,10320,-10.2825,10.0556
16.0131,14.2205,0.00942478,-0.849,-0.0199633,10355,10319,-7.38231,9.83122
16.0361,14.2191,0.0010472,-0.868,-0.00853373,10354,10318,-6.855,9.69556
16.0581,14.2191,-0.00523599,-0.839,-0.00608325,10354,10318,-5.53673,9.61411
16.0801,14.2191,0.00942478,-0.871,-0.01084,10354,10319,-3.95481,9.45942
16.1021,14.2205,-0.00314159,0.249,-2.12593e-05,10354,10317,-3.69116,9.57843
59.2613,14.2191,-0.00942478,0.236,0.0404329,10354,10318,-3.69116,9.54329
59.2835,14.2205,-0.00523599,0.22,0.00888846,10355,10318,-3.69116,9.62835
59.3055,14.2205,-0.010472,0.291,-0.0102512,10354,10319,-2.90019,9.46755
59.3275,14.2205,0.0020944,0.219,-1.60698e-05,10354,10318,-3.69116,9.47758
59.3495,14.2191,-0.00523599,0.196,0.00750792,10355,10318,-3.69116,9.58888
59.3715,14.2191,-0.0219911,0.318,0.00498227,10355,10318,-3.95481,9.65529
59.3936,14.2191,-0.0219911,0.289,-0.0112346,10354,10319,-3.69116,9.48373
59.4156,14.2191,-0.00942478,0.233,0.00666226,10355,10318,-3.4275,9.59302
59.4375,14.2205,0.0198968,0.193,0.00477699,10354,10317,-3.69116,9.65778
59.4595,14.2205,-0.00314159,0.261,0.00292083,10354,10317,-3.95481,9.69669
59.4815,14.2191,-0.00733038,0.291,-0.00531153,10355,10319,-3.4275,9.61433
59.5035,14.2191,-0.0219911,0.29,0.00344141,10355,10318,-3.69116,9.67102
59.5255,14.2205,0.0010472,0.261,0.0024887,10355,10318,-3.69116,9.70464
59.5475,14.2205,0.0146608,0.213,-0.00559308,10354,10318,-3.69116,9.6191
59.5695,14.2205,0.00314159,0.226,-0.00380706,10354,10318,-3.69116,9.56816
59.5915,14.2191,0.00733038,0.219,0.0119292,10355,10317,-4.21846,9.74902
59.6136,14.2205,0.00628319,0.296,-0.00618267,10354,10318,-4.48212,9.64532
59.6356,14.2191,0.0115192,0.234,-0.00455282,10354,10318,-3.69116,9.5839
59.6575,14.2191,-0.010472,0.304,-0.00281374,10354,10318,-3.95481,9.54702
59.6796,14.2205,0.00314159,0.257,0.00546444,10354,10317,-4.21846,9.6306
59.7016,14.2205,-0.00837758,0.311,0.00372282,10355,10318,-4.21846,9.68035
59.7236,14.2191,0.0178024,0.223,-0.00484661,10354,10318,-4.21846,9.60451
59.7455,14.2191,0.0020944,0.197,-0.00342116,10354,10318,-4.21846,9.5594
59.7676,14.2191,-0.00314159,0.275,0.00515273,10355,10318,-3.95481,9.63803
59.7895,14.2205,0.0178024,0.229,0.00344483,10355,10318,-4.48212,9.68481
59.8115,14.2191,-0.00733038,0.275,0.00214712,10355,10318,-3.69116,9.71292
59.8335,14.2191,-0.015708,0.273,-0.00585532,10354,10318,-3.69116,9.62408
59.8555,14.2191,-0.00314159,0.336,-0.00396195,10355,10319,-4.21846,9.57115
59.8775,14.2205,0.010472,0.268,0.00471413,10355,10318,-4.21846,9.64509
59.8995,14.2205,-0.00418879,0.235,0.00329124,10355,10318,-4.21846,9.68905
59.9215,14.2205,0.00523599,0.287,0.001997,10355,10318,-3.95481,9.71547
59.9435,14.2191,0.0020944,0.247,0.00120363,10355,10318,-4.21846,9.73133
59.9656,14.2191,-0.0125664,0.265,0.000733208,10355,10318,-4.48212,9.74086
59.9875,14.2191,-0.0178024,0.262,0.000420552,10355,10318,-3.69116,9.74658
60.0096,14.2191,-0.00942478,0.309,0.000274121,10355,10318,-4.48212,9.75003
60.0316,14.2205,-0.00628319,0.275,-0.00698304,10354,10318,-4.21846,9.64637
60.0536,14.2191,-0.0136136,0.348,0.00254143,10354,10317,-4.48212,9.69027
60.0755,14.2191,-0.0125664,0.264,-0.00528798,10354,10318,-4.21846,9.61046
60.0976,14.2191,-0.0010472,0.332,0.0107457,10355,10317,-4.21846,9.77443
60.1196,14.2205,-0.00314159,0.352,0.000204665,10354,10317,-3.69116,9.76631
60.1415,14.2205,-0.0136136,0.343,-0.00744339,10354,10318,-3.95481,9.65615
60.1635,14.2191,-0.00733038,0.296,-0.00494037,10354,10318,-4.21846,9.59042
60.1855,14.2191,0,0.282,0.0112576,10355,10317,-4.74577,9.76239
60.2075,14.2205,-0.010472,0.406,0.000545955,10355,10318,-3.95481,9.75907
60.2295,14.2191,-0.0010472,0.32,-7.33144e-05,10354,10317,-4.21846,9.75753
60.2515,14.2191,0.0125664,0.291,-7.31676e-05,10355,10318,-4.21846,9.75659
60.2736,14.2191,0.0115192,0.299,-2.80053e-05,10355,10318,-3.95481,9.75603
60.2955,14.2191,0.0020944,0.347,-0.00716378,10355,10319,-3.95481,9.64998
60.3176,14.2191,-0.0146608,0.35,0.00236833,10354,10317,-4.48212,9.69242
60.3396,14.2205,-0.0136136,0.349,0.00900559,10355,10317,-4.74577,9.82323
60.3616,14.2205,0.00837758,0.34,-0.00126445,10354,10317,-4.48212,9.79562
60.3836,14.2205,-0.00314159,0.339,-0.00118221,10355,10318,-4.74577,9.77948
60.4056,14.2191,-0.00942478,0.328,-0.000714462,10355,10318,-4.21846,9.76978
60.4276,14.2191,0.0125664,0.267,-0.00758603,10354,10318,-3.95481,9.65823
60.4496,14.2191,-0.0146608,0.321,-0.0121065,10354,10319,-4.21846,9.48594
60.4715,14.2205,-0.020944,0.354,-0.000665403,10354,10318,-4.48212,9.48862
60.4935,14.2191,-0.0020944,0.321,0.00716679,10355,10318,-1.58192,9.59551
60.5155,14.2205,0,0.41,-0.0023632,10354,10318,0,9.55356
60.5376,14.2219,-0.0020944,0.347,-0.00180993,10355,10319,3.69116,9.52878
60.5595,14.2205,0.00837758,0.299,-0.00113324,10354,10318,5.80039,9.51392
60.5815,14.2205,0,0.322,-0.000688,10354,10318,8.17327,9.50499
60.6036,14.2205,-0.00837758,0.35,0.00674078,10355,10318,6.59135,9.60533
60.6256,14.2205,-0.0020944,0.328,0.011618,10355,10317,11.3371,9.77092
60.6476,14.2191,-0.00942478,0.351,0.00745887,10355,10317,16.3465,9.86992
60.6696,14.2191,0.00314159,0.37,-0.00261668,10355,10318,21.8833,9.82367
60.6916,14.2205,0.0115192,0.313,-0.0162812,10354,10319,21.356,9.58488
60.7136,14.2191,-0.0136136,0.374,-0.00358598,10354,10318,25.3108,9.54804
60.7356,14.2205,-0.00628319,0.407,-0.00177086,10354,10318,24.5198,9.52548
60.7576,14.2205,-0.015708,0.384,0.00611682,10355,10318,27.1564,9.61765
60.7796,14.2205,-0.00837758,0.441,0.00414256,10354,10317,29.5292,9.67258
60.8015,14.2191,-0.0167552,0.383,-0.0047095,10355,10319,39.8117,9.59985
60.8236,14.2205,-0.00523599,0.404,0.0111132,10355,10317,38.7571,9.76804
60.8456,14.2191,-0.0167552,0.418,0.000380444,10354,10317,40.6027,9.76246
60.8676,14.2205,0.00314159,0.383,-0.00732721,10355,10319,46.4031,9.65385
60.8896,14.2205,-0.0020944,0.394,0.0022668,10355,10318,42.9756,9.69476
60.9115,14.2191,-0.0020944,0.417,0.00176018,10355,10318,51.1489,9.71889
60.9336,14.2191,0.00837758,0.416,-0.0060123,10354,10318,50.6216,9.62767
60.9556,14.2191,-0.0125664,0.427,-0.00408523,10354,10318,57.4766,9.5733
60.9776,14.2205,0.00837758,0.392,0.00466146,10355,10318,65.9135,9.64638
60.9996,14.2205,0.0251327,0.335,-0.00389348,10354,10318,61.4314,9.5841
61.0216,14.2205,0.00314159,0.434,0.00437967,10355,10318,73.2958,9.65288
61.0436,14.2191,-0.0167552,0.361,-0.0040878,10354,10318,70.6593,9.588
61.0656,14.2191,-0.0125664,0.37,0.00426865,10355,10318,74.3504,9.65521
61.0876,14.2191,-0.0146608,0.423,-0.00415155,10354,10318,75.1414,9.5894
61.1096,14.2205,0.010472,0.365,0.00420034,10354,10317,77.2506,9.65606
61.1316,14.2205,-0.00523599,0.437,0.00300676,10355,10318,78.3052,9.69564
61.1536,14.2205,0.00942478,0.422,0.00173659,10355,10318,75.6687,9.71943
61.1756,14.2191,-0.00314159,0.355,0.00114531,10355,10318,80.9418,9.73371
61.1976,14.2205,0.00837758,0.429,0.000631027,10355,10318,82.7873,9.74229
61.2196,14.2205,0.00942478,0.369,0.000344677,10355,10318,81.7327,9.74745
61.2416,14.2205,-0.0020944,0.398,0.000304906,10354,10317,76.987,9.75054
61.2636,14.2191,0,0.381,-0.00701829,10354,10318,82.5237,9.64668
61.2856,14.2205,0.0219911,0.352,-0.00465996,10354,10318,81.2054,9.58472
61.3076,14.2191,-0.020944,0.426,0.0114439,10355,10317,81.4691,9.75896
61.3296,14.2205,0,0.385,-0.013624,10354,10319,78.8325,9.54557
61.3516,14.2205,0.010472,0.378,0.00478657,10354,10317,85.9512,9.63016
61.3736,14.2205,0.00314159,0.379,0.0108151,10355,10317,82.7873,9.78581
61.3956,14.2205,0.0010472,0.37,-0.000111655,10354,10317,83.3146,9.77314
61.4176,14.2191,0.00314159,0.374,-0.00765687,10354,10318,80.1508,9.66026
61.4396,14.2205,0.0146608,0.335,-0.00499739,10354,10318,85.4239,9.59288
61.4616,14.2191,0.00942478,0.37,0.00403518,10354,10317,83.842,9.65814
61.4836,14.2205,0.0136136,0.393,-0.00425388,10355,10319,78.3052,9.59115
61.5056,14.2191,-0.0020944,0.312,-0.00296614,10354,10318,78.5689,9.5514
61.5276,14.2191,0.015708,0.273,0.00532115,10355,10318,79.6235,9.63322
61.5496,14.2191,-0.0219911,0.371,-0.00345801,10354,10318,82.7873,9.5762
61.5716,14.2191,-0.00733038,0.343,0.0117304,10355,10317,83.5783,9.75385
61.5936,14.2205,0.0010472,0.323,0.0007891,10354,10317,85.1602,9.75395
61.6156,14.2205,-0.0115192,0.413,7.72841e-05,10355,10318,84.8966,9.75445
61.6376,14.2205,-0.00942478,0.366,3.94635e-05,10355,10318,82.5237,9.75474
61.6596,14.2191,0.00942478,0.328,0.00713989,10355,10317,81.2054,9.86065
61.6816,14.2205,0.0020944,0.374,-0.00239533,10354,10317,82.7873,9.8181
61.7036,14.2191,0.0146608,0.358,-0.00183837,10355,10318,84.3693,9.79298
61.7256,14.2205,0.0188496,0.366,-0.0011501,10355,10318,84.6329,9.77789
61.7476,14.2191,-0.00314159,0.337,-0.000700481,10355,10318,81.7327,9.76883
61.7696,14.2205,0.00942478,0.341,-0.0146684,10354,10319,80.6781,9.55193
61.7916,14.2205,0.0125664,0.366,0.0045534,10354,10317,78.0416,9.63398
61.8136,14.2205,0.00628319,0.338,-0.0035737,10354,10318,74.8777,9.57666
61.8356,14.2191,-0.0188496,0.37,0.00461004,10355,10318,64.3316,9.64839
61.8576,14.2191,0.00942478,0.339,-0.0182102,10354,10320,65.3862,9.37387
61.8796,14.2205,0.00628319,0.321,0.00912199,10354,10317,60.9041,9.52747
61.9016,14.2205,-0.0125664,0.324,0.0139454,10355,10317,63.5406,9.72413
61.9236,14.2205,0.00418879,0.327,0.00883329,10355,10317,60.6404,9.84182
61.9456,14.2191,-0.00314159,0.29,-0.00177442,10355,10318,60.6404,9.80678
61.9676,14.2191,-0.00942478,0.352,-0.00862642,10354,10318,52.9944,9.68046
61.9896,14.2191,-0.0167552,0.407,0.00858758,10355,10317,52.7308,9.81647
62.0116,14.2191,-0.010472,0.389,-0.00110512,10354,10317,47.1941,9.79156
62.0336,14.2205,-0.00418879,0.377,0.0060781,10355,10317,47.7214,9.88276
62.0556,14.2191,-0.0115192,0.364,-0.00305266,10355,10318,47.7214,9.83139
62.0776,14.2205,0.0010472,0.399,-0.00939258,10354,10318,42.4483,9.69522
62.0996,14.2205,-0.00314159,0.3,-0.00612139,10355,10319,41.3937,9.6139
62.1216,14.2191,0.00942478,0.308,-0.00370809,10354,10318,37.1752,9.56503
62.1436,14.2191,0.00942478,0.347,0.00489326,10355,10318,31.9021,9.64142
62.1656,14.2191,0.0020944,0.844,0.0105411,10355,10317,32.6931,9.79257
62.1876,14.2425,0.0984366,1.461,-0.285656,10442,10445,32.1658,5.54785
62.2096,14.5514,0.283791,1.414,-0.283015,10699,10715,27.9473,1.64062
62.2316,14.9772,0.380133,1.459,-0.26262,11035,11063,26.1017,-1.96916
62.2536,15.5031,0.450295,1.34,-0.142298,11433,11458,21.8833,-3.81597
62.2756,16.0222,0.427257,1.568,-0.0977351,11808,11835,16.8739,-5.13581
62.2977,16.5743,0.482758,1.787,-0.233291,12238,12289,13.71,-8.46397
62.3196,17.2582,0.595855,1.758,-0.242495,12773,12837,12.6554,-11.83
62.3416,18.0534,0.656593,1.642,-0.145261,13361,13424,9.7552,-13.7409
62.3636,18.876,0.698481,1.699,-0.165631,13982,14056,9.7552,-16.0503
62.3856,19.7164,0.668112,1.956,-0.0759885,14576,14646,9.49154,-17.0112
62.4076,20.6036,0.780162,2.192,-0.28653,15279,15383,9.7552,-21.1845
62.4296,21.6981,0.90792,2.011,-0.251848,16108,16221,9.49154,-24.6295
62.4516,22.8915,0.959233,1.911,-0.14912,16952,17064,9.22789,-26.5884
62.4736,23.9984,0.9341,2.162,-0.131968,17806,17924,10.0189,-28.3962
62.4956,25.2989,1.05662,1.969,-0.324939,18771,18923,10.0189,-33.0801
62.5176,26.6708,1.08176,1.764,0.0319593,19758,19876,9.7552,-32.2816
62.5396,28.0029,1.12993,2.228,-0.372874,20778,20953,9.22789,-37.8426
62.5616,29.5135,1.24512,1.97,-0.0563739,21919,22067,9.49154,-38.3045
62.5836,31.0241,1.19066,2.155,-0.279895,22996,23180,10.0189,-42.3972
62.6056,32.6542,1.34041,2.001,-0.298429,24240,24440,9.49154,-46.5367
62.6276,34.331,1.30481,2.084,-0.165557,25431,25628,9.7552,-48.6933
62.6496,36.0792,1.4399,2.051,-0.312956,26771,26998,9.7552,-53.1671
62.6716,37.903,1.43152,1.968,-0.136817,28076,28294,9.49154,-54.883
62.6936,39.8325,1.60326,1.862,-0.0585984,29560,29775,9.49154,-55.6145
62.7156,41.7935,1.53729,1.863,-0.32509,30966,31222,9.7552,-60.3745
62.7376,43.9015,1.71845,1.783,0.0850943,32529,32743,9.7552,-58.7891
62.7596,45.923,1.66295,1.965,-0.130474,34032,34274,9.7552,-60.8061
62.7816,48.1354,1.72683,1.575,-0.0246844,35576,35809,9.7552,-61.0419
62.8036,50.2201,1.73311,1.637,-0.14808,37171,37423,9.49154,-63.2146
62.8256,52.3597,1.63991,1.613,-0.175304,38675,38938,9.49154,-65.6622
62.8476,54.5336,1.77081,1.619,0.0597902,40269,40508,9.7552,-64.6018
62.8696,56.5798,1.66504,1.913,-0.0314841,41789,42039,9.49154,-65.1293
62.8916,58.7469,1.70274,1.61,0.17001,43318,43541,9.7552,-62.5761
62.9136,60.8329,1.69646,1.689,-0.165432,44875,45137,9.7552,-65.1993
62.9356,62.9739,1.65981,1.627,0.0915868,46397,46630,9.49154,-63.6741
62.9576,65.0805,1.73416,1.706,-0.00496246,47970,48213,9.49154,-63.8427
62.9796,67.1597,1.63782,1.855,0.379057,49470,49659,9.49154,-58.2184
63.0016,69.3473,0.33615,-2.35,1.44302,50546,50479,9.7552,-27.7454
63.0356,69.2169,-0.211534,-0.885,0.928366,50341,50313,9.7552,-13.7328
63.0596,68.9807,-0.084823,-0.291,0.904236,50222,50145,10.0189,-0.119596
63.0836,68.9724,0.00628319,0.069,-0.10073,50228,50252,9.49154,-2.64372
63.1076,68.9875,0.00942478,0.413,0.474296,50240,50177,9.7552,5.08408
63.1316,69.0026,0.0020944,0.64,0.0171428,50245,50227,9.49154,4.92918
63.1576,69.0974,0.0345575,0.825,0.563559,50309,50205,9.49154,13.9483
63.1816,69.085,0.0502655,0.668,-0.80725,50321,50396,9.22789,0.403097
63.2056,69.1468,0.0240855,0.538,0.0470459,50368,50352,9.49154,1.96688
63.2296,69.1812,-0.00418879,0.811,0.0785633,50375,50356,9.7552,3.18313
63.2536,69.1743,0.00628319,0.896,0.0962605,50372,50346,9.49154,4.65251
63.2776,69.1867,0.0230383,0.806,0.0212547,50385,50365,9.7552,4.89767
63.3016,69.199,0.0010472,0.667,-0.00253936,50391,50373,9.49154,4.83592
63.3256,69.2004,0.0010472,0.689,0.0371074,50389,50365,10.0189,5.43432
63.3496,69.199,0.00418879,0.702,0.0244529,50387,50363,9.49154,5.79124
63.3736,69.199,0.00418879,0.698,-0.0180089,50388,50369,9.7552,5.47685
63.3976,69.1977,-0.00837758,0.692,-0.0127433,50387,50368,9.49154,5.2902
63.4216,69.1977,-0.00837758,0.761,0.0250744,50388,50364,9.49154,5.70669
63.4456,69.1977,0.00837758,0.624,0.00386772,50388,50366,9.49154,5.74322
63.4696,69.1977,0.0136136,0.655,0.00821512,50389,50366,9.49154,5.87179
63.4936,69.199,0.0251327,0.676,-0.00130529,50388,50366,9.7552,5.8428
63.5176,69.199,0.0251327,0.623,0.00547892,50389,50366,9.7552,5.93161
63.5416,69.199,0.020944,0.616,-0.00296241,50389,50367,9.7552,5.87877
63.5656,69.1977,0.00418879,0.691,0.00442464,50390,50367,9.49154,5.9532
63.5896,69.199,0,0.605,-0.0100954,50389,50368,9.22789,5.786
63.6136,69.1977,0.00628319,0.659,0.00631482,50389,50366,9.49154,5.89794
63.6376,69.199,0.0136136,0.672,-0.00204049,50389,50367,9.49154,5.85854
63.6616,69.199,0.0167552,0.55,0.00496486,50388,50365,9.7552,5.94104
63.6856,69.199,0.0198968,0.595,0.00340647,50389,50366,9.49154,5.99016
63.7096,69.199,0.020944,0.594,-0.00455417,50389,50367,8.96423,5.91394
63.7336,69.1977,0.0125664,0.589,-0.00309874,50389,50367,-3.4275,5.8686
63.7576,69.2004,0.00837758,0.638,-0.00189216,50388,50366,-7.64596,5.84136
63.7816,69.199,0.0219911,0.537,-0.00112041,50389,50367,-12.1281,5.82499
63.8056,69.199,0.0198968,0.544,-0.00726271,50389,50368,-8.96423,5.70944
63.8296,69.199,0.0230383,0.554,0.0149824,50389,50365,-13.4464,5.95765
63.8536,69.2004,0.010472,0.512,-0.00302877,50388,50366,-17.4012,5.89397
63.8776,69.1977,-0.00523599,0.54,-0.00251258,50388,50366,-16.8739,5.8566
63.9016,69.199,0.0272271,0.565,0.00502359,50389,50366,-19.2467,5.93987
63.9256,69.199,0.00837758,0.497,-0.00318223,50388,50366,-17.9285,5.88374
63.9496,69.1977,0.00418879,0.501,0.00431099,50389,50366,-24.7835,5.95616
63.9736,69.2004,-0.00314159,0.554,0.00953533,50389,50365,-31.6385,6.10498
63.9976,69.1977,-0.0136136,0.582,-0.00703154,50388,50366,-26.8927,5.98246
64.0216,69.1977,0,0.511,0.00159216,50389,50366,-34.5387,6.01547
64.0456,69.199,0.0188496,0.534,0.00132087,50389,50366,-38.2298,6.03486
64.0696,69.1977,0.00314159,0.486,-0.00575309,50389,50367,-33.4841,5.9408
64.0936,69.1977,0.00314159,0.51,0.00271425,50389,50366,-48.5123,5.99046
64.1176,69.199,0.010472,0.496,0.00198667,50389,50366,-42.7119,6.01983
64.1416,69.199,0.0178024,0.507,-0.00534655,50389,50367,-45.8758,5.93175
64.1656,69.199,-0.0219911,0.491,0.00297446,50389,50366,-52.9944,5.98503
64.1896,69.199,0.00837758,0.441,-0.004423,50389,50367,-48.776,5.91087
64.2136,69.1977,0.00837758,0.402,-0.00959178,50389,50368,-60.6404,5.76102
64.2376,69.1977,0.0010472,0.459,0.000402248,50389,50367,-61.4314,5.77718
64.2616,69.1977,0.00523599,0.483,0.00719166,50389,50366,-58.2675,5.89217
64.2856,69.199,0.00942478,0.449,0.0112757,50389,50365,-65.6498,6.06653
64.3096,69.199,0.0188496,0.417,-0.0125354,50388,50367,-61.695,5.85363
64.3336,69.199,0.00837758,0.445,-0.00205443,50389,50367,-64.0679,5.83282
64.3576,69.199,0.0167552,0.436,-0.00752887,50388,50367,-56.9493,5.71414
64.3816,69.1977,0.00418879,0.468,0.000770303,50389,50367,-70.132,5.74902
64.4066,69.199,0.0178024,0.483,0.00223927,50388,50366,-68.55,5.76954
64.4306,69.199,0.020944,0.45,0.000904179,50388,50366,-59.3221,5.78186
64.4546,69.1977,-0.0167552,0.513,0.00707976,50389,50366,-64.0679,5.89498
64.4786,69.199,0.0020944,0.465,-0.00193441,50389,50367,-64.0679,5.85677
64.5026,69.199,0.00942478,0.369,-0.00151979,50389,50367,-64.5952,5.83426
64.5266,69.1977,-0.010472,0.416,0.00563141,50389,50366,-61.1677,5.92644
64.5506,69.199,0.0146608,0.356,-0.00937456,50388,50367,-63.8043,5.76994
64.5746,69.199,0.0230383,0.348,0.00677034,50389,50366,-70.9229,5.88824
64.5986,69.199,0.0146608,0.376,-0.00179211,50388,50366,-62.486,5.85273
64.6226,69.199,0.0125664,0.322,0.0104316,50390,50366,-61.4314,6.04328
64.6476,69.199,0.0240855,0.304,0.00206427,50389,50366,-61.4314,6.05114
64.6716,69.199,-0.00628319,0.377,-0.0126962,50389,50368,-60.6404,5.84485
64.6956,69.1963,0.0125664,0.381,-0.00186428,50389,50367,-66.4408,5.82754
64.7196,69.199,0.0188496,0.4,-0.000781899,50389,50367,-57.2129,5.81669
64.7436,69.199,0.0136136,0.319,-0.000482086,50389,50367,-67.4954,5.81018
64.7676,69.1977,-0.0010472,0.315,-0.000260087,50388,50366,-60.9041,5.80627
64.7916,69.199,0,0.333,-0.000133312,50389,50367,-64.5952,5.80392
64.8156,69.199,0.010472,0.353,0.00644971,50389,50366,-70.132,5.90823
64.8396,69.1963,0.0188496,0.283,-0.00887605,50388,50367,-60.3768,5.759
64.8636,69.1977,0.0146608,0.36,0.000500598,50389,50367,-74.6141,5.77596
64.8876,69.199,0.0240855,0.312,0.000639355,50389,50367,-65.6498,5.78573
64.9116,69.1977,0.00314159,0.333,0.00697257,50389,50366,-65.6498,5.8973
64.9356,69.199,0.0219911,0.255,-0.00199132,50388,50366,-67.4954,5.85817
64.9596,69.199,0.0251327,0.291,-0.00813967,50387,50366,-65.3862,5.72936
64.9836,69.199,0.0010472,0.233,-0.0118637,50388,50368,-75.9323,5.54672
65.0076,69.199,0.010472,0.259,0.0054709,50389,50367,-61.1677,5.6489
65.0317,69.199,0.0178024,0.242,0.00436381,50389,50367,-64.0679,5.70937
65.0556,69.199,0.00942478,0.284,0.00242199,50389,50367,-67.2318,5.74574
65.0796,69.199,0.00942478,0.237,0.014649,50389,50365,-60.9041,5.97901
65.1036,69.199,-0.00418879,0.262,0.0029954,50389,50366,-55.631,6.01253
65.1276,69.1977,0.00733038,0.269,0.001464,50389,50366,-48.776,6.03309
65.1516,69.199,0.015708,0.233,-0.0122783,50388,50367,-46.9304,5.834
65.1756,69.199,0.00942478,0.266,-0.00159422,50389,50367,-56.9493,5.82102
65.1996,69.199,-0.00942478,0.246,0.00596538,50389,50366,-49.8306,5.91851
65.2236,69.199,0.0261799,0.259,0.00398892,50389,50366,-54.3127,5.97661
65.2476,69.1977,0.020944,0.203,-0.00415869,50388,50366,-46.1394,5.9058
65.2716,69.199,0.0240855,0.171,-0.00288454,50388,50366,-40.6027,5.86371
65.2956,69.199,0.00418879,0.299,-0.001736,50388,50366,-38.4935,5.83842
65.3196,69.199,0.015708,0.155,-0.00106257,50389,50367,-39.0208,5.82324
65.3436,69.199,0.0188496,0.134,0.00594724,50390,50367,-37.1752,5.91983
65.3676,69.199,0.0188496,0.185,0.00395128,50388,50365,-39.8117,5.97742
65.3916,69.1977,-0.00314159,0.189,-0.00418078,50389,50367,-33.4841,5.90629
65.4156,69.1977,0.0219911,0.109,0.00368155,50389,50366,-31.9021,5.96969
65.4396,69.199,0.0272271,0.155,0.00915218,50389,50365,-25.8381,6.11312
65.4636,69.199,0.0136136,0.145,-0.0072533,50389,50367,-26.1017,5.98736
65.4876,69.1977,0.00733038,0.132,-0.0116602,50389,50368,-25.5744,5.80697
65.5116,69.199,0.0125664,0.151,-0.00172572,50389,50367,-23.4652,5.80478
65.5366,69.1977,0.0219911,0.113,0.00728987,50389,50366,-16.6102,5.90873
65.5606,69.199,0.00523599,0.102,-0.00228047,50388,50366,-12.3917,5.86504
65.5846,69.1977,-0.00942478,0.143,0.00483411,50389,50366,-12.919,5.94495
65.6086,69.199,-0.010472,0.113,0.00323697,50389,50366,-10.5462,5.99251
