48.4825,-88.7561,0.00523599,0.608,-2824.21,-64631,-64559,-17.9285,-25.8159
48.5065,-88.7575,0.0010472,0.668,-175.583,-64630,-64558,-19.2467,-25.6315
48.5305,-88.7575,0.00837758,0.646,-10.9594,-64630,-64559,-19.5104,-26.2434
48.5545,-88.7561,0.0219911,0.56,-0.706733,-64630,-64558,-18.7194,-26.6471
48.5785,-88.7575,-0.0146608,0.609,-0.153133,-64630,-64558,-18.9831,-28.4038
48.6025,-88.7561,-0.00942478,0.612,0.0240934,-64631,-64559,-18.7194,-27.8633
48.6265,-88.7575,0.0219911,0.586,0.100932,-64631,-64560,-19.2467,-26.2637
48.6505,-88.7575,-0.0125664,0.587,0.300376,-64634,-64563,-18.7194,-21.5363
48.6745,-88.7575,0.0261799,0.555,-0.391282,-64631,-64559,-20.3014,-28.1289
48.6985,-88.7575,-0.00418879,0.538,0.0551049,-64631,-64554,-20.565,-26.8514
48.7225,-88.7575,-0.010472,0.534,0.0613465,-64632,-64564,-17.9285,-25.9202
48.7465,-88.7603,0.0167552,0.503,-0.212038,-64633,-64563,-19.2467,-29.3913
48.7705,-88.7548,0.0335103,0.517,-0.395161,-64628,-64553,-18.7194,-35.5332
48.7945,-88.7548,0.0293215,0.529,0.621303,-64629,-64557,-18.1921,-25.1461
48.8185,-88.7575,-0.0010472,0.566,0.657427,-64635,-64574,-17.4012,-15.1965
48.8425,-88.7616,0.0303687,0.479,-1.26693,-64628,-64552,-19.5104,-36.2282
48.8665,-88.7561,0.0198968,0.554,0.483379,-64625,-64546,-19.774,-27.1882
48.8905,-88.7575,-0.0314159,0.559,0.325694,-64633,-64567,-17.1375,-22.4341
48.9145,-88.7657,-0.0251327,0.643,-0.953001,-64635,-64558,-19.2467,-38.0847
48.9385,-88.7589,0.00628319,0.518,0.674101,-64631,-64555,-19.774,-26.2925
48.9625,-88.7534,0.0219911,0.473,-0.355564,-64629,-64557,-18.7194,-32.6833
48.9865,-88.763,-0.010472,0.62,0.925717,-64635,-64568,-17.1375,-17.4501
49.0105,-88.763,0.0230383,0.519,-0.962308,-64631,-64556,-17.1375,-34.5013
49.0355,-88.7548,0.0115192,0.541,0.104564,-64628,-64554,-18.7194,-31.7741
49.0595,-88.7575,-0.020944,0.526,0.67972,-64634,-64566,-18.7194,-20.9489
49.0835,-88.7616,-0.0219911,0.496,-1.05886,-64633,-64561,-19.5104,-38.6555
49.1075,-88.7603,0,0.528,1.19017,-64630,-64557,-20.0377,-18.4577
49.1315,-88.7575,-0.00942478,0.562,-0.41233,-64631,-64561,-15.8192,-26.2784
49.1555,-88.7589,-0.0251327,0.597,0.102675,-64633,-64560,-18.1921,-24.215
49.1795,-88.7589,0.00837758,0.497,0.24538,-64632,-64560,-21.356,-20.3711
49.2035,-88.7575,0.0219911,0.493,-0.935574,-64629,-64559,-19.2467,-35.6551
49.2275,-88.7589,-0.0115192,0.544,1.17884,-64632,-64563,-18.9831,-15.7636
49.2515,-88.7603,-0.00628319,0.531,-1.06008,-64633,-64561,-18.9831,-33.9886
49.2755,-88.7575,0.0303687,0.476,-0.00798738,-64631,-64559,-19.2467,-33.0571
49.2995,-88.7603,-0.0219911,0.593,0.915709,-64632,-64561,-19.5104,-18.3237
49.3235,-88.7603,-0.015708,0.57,-0.759564,-64633,-64561,-19.774,-31.453
49.3475,-88.7589,0.0261799,0.452,0.915513,-64631,-64562,-17.9285,-15.9717
49.3715,-88.7589,0.0188496,0.516,-0.907947,-64632,-64560,-20.8287,-31.4872
49.3955,-88.7603,0.0115192,0.477,0.61571,-64633,-64561,-19.2467,-20.6844
49.4195,-88.7575,0.0324631,0.458,-0.382714,-64632,-64559,-17.6648,-27.4555
49.4435,-88.763,-0.0178024,0.58,0.0453649,-64633,-64561,-18.9831,-26.3432
49.4675,-88.7603,-0.0251327,0.593,0.625557,-64632,-64560,-19.774,-16.3287
49.4915,-88.7561,0.00733038,0.451,-0.735095,-64631,-64559,-16.8739,-28.7736
49.5155,-88.7603,-0.0261799,0.569,0.473156,-64633,-64562,-17.9285,-20.4295
49.5395,-88.7589,0.00418879,0.494,-0.369872,-64632,-64561,-17.9285,-26.8503
49.5635,-88.7575,0.0314159,0.432,0.28246,-64631,-64558,-20.3014,-21.9383
49.5875,-88.7589,0,0.605,0.159167,-64633,-64562,-17.9285,-19.6613
49.6115,-88.7575,0.0324631,0.447,-0.22246,-64633,-64567,-18.1921,-23.3978
49.6355,-88.7548,0.00523599,0.475,-0.709862,-64632,-64563,-19.2467,-34.5908
49.6595,-88.7603,-0.00733038,0.492,0.683467,-64633,-64563,-18.4558,-22.8895
49.6835,-88.7603,0.0198968,0.446,-1.27488,-64631,-64560,-17.6648,-44.0714
49.7075,-88.7575,-0.00837758,0.497,1.50692,-64632,-64562,-17.9285,-18.5786
49.7315,-88.7589,0.0167552,0.48,-0.836415,-64633,-64561,-18.1921,-33.5526
49.7555,-88.7575,-0.00628319,0.498,1.00725,-64632,-64557,-18.1921,-16.5188
49.7795,-88.7575,0.0219911,0.509,-0.887725,-64632,-64559,-19.2467,-31.7843
49.8035,-88.7589,0.0010472,0.506,0.84288,-64632,-64561,-17.9285,-17.3422
49.8275,-88.7589,-0.0178024,0.536,-0.537861,-64632,-64560,-19.5104,-26.8334
49.8515,-88.7575,0.0324631,0.458,0.761045,-64632,-64563,-17.6648,-14.0578
49.8755,-88.7589,0.0020944,0.497,0.105371,-64633,-64561,-17.6648,-13.0946
49.9005,-88.7575,0.00837758,0.533,-0.711629,-64631,-64555,-18.4558,-24.6022
49.9245,-88.7575,-0.0240855,0.601,0.686236,-64633,-64567,-18.9831,-12.855
49.9485,-88.7589,-0.00942478,0.569,-1.36994,-64633,-64565,-20.8287,-35.5736
49.9725,-88.7616,-0.020944,0.65,0.967803,-64633,-64562,-18.7194,-18.646
49.9965,-88.7589,-0.00523599,0.595,-0.928249,-64631,-64558,-19.2467,-34.5437
50.0205,-88.7575,0.0115192,0.467,1.25162,-64632,-64560,-19.5104,-13.4896
50.0445,-88.7603,-0.0146608,0.603,-0.762669,-64633,-64560,-19.774,-27.0049
50.0685,-88.7603,0.0219911,0.547,0.358082,-64631,-64559,-18.4558,-20.4868
50.0925,-88.7575,0.00314159,0.536,-0.311379,-64631,-64561,-18.9831,-25.8572
50.1165,-88.7589,-0.00837758,0.591,0.0360023,-64631,-64560,-18.1921,-24.9657
50.1405,-88.7589,0.020944,0.496,-0.10482,-64632,-64560,-17.9285,-26.6852
50.1645,-88.7589,-0.00418879,0.547,0.198281,-64632,-64560,-18.7194,-23.3931
50.1885,-88.7589,-0.0178024,0.59,0.00215219,-64631,-64561,-19.5104,-23.5582
50.2125,-88.7589,-0.0188496,0.592,-0.0710508,-64632,-64560,-18.1921,-24.6993
50.2365,-88.7589,-0.00628319,0.522,0.0146664,-64632,-64561,-19.774,-24.3938
50.2605,-88.7589,-0.0136136,0.549,-0.11194,-64632,-64560,-17.9285,-26.2108
50.2845,-88.7575,0.0115192,0.528,0.0431669,-64631,-64559,-18.7194,-25.4029
50.3085,-88.7589,0.0167552,0.602,-0.0426667,-64632,-64559,-18.9831,-26.133
50.3325,-88.7603,-0.0188496,0.602,0.0524874,-64632,-64560,-18.4558,-25.2471
50.3565,-88.7589,-0.0178024,0.61,-0.0449245,-64632,-64559,-18.7194,-26.019
50.3805,-88.7575,0.0010472,0.599,0.0288009,-64633,-64561,-18.9831,-25.5122
50.4045,-88.7589,-0.0293215,0.61,-0.0503169,-64631,-64558,-18.7194,-26.3521
50.4285,-88.7589,-0.0178024,0.558,0.0387071,-64632,-64559,-18.7194,-25.6772
50.4525,-88.7589,-0.00314159,0.532,0.0334179,-64631,-64560,-18.7194,-25.1796
50.4765,-88.7575,0.00733038,0.591,-0.0707174,-64632,-64559,-18.9831,-26.3486
50.5005,-88.7575,-0.00628319,0.549,0.0548309,-64631,-64559,-18.9831,-25.397
50.5245,-88.7575,-0.00418879,0.56,-0.0487542,-64633,-64560,-19.2467,-26.2368
50.5485,-88.7589,-0.00837758,0.553,0.049809,-64632,-64560,-18.7194,-25.3867
50.5725,-88.7589,-0.0251327,0.663,0.0494315,-64631,-64562,-18.4558,-24.6416
50.5965,-88.7589,-0.00314159,0.598,-0.126309,-64632,-64559,-18.9831,-26.7224
50.6205,-88.7589,0.0240855,0.517,0.0895998,-64632,-64560,-18.9831,-25.1552
50.6445,-88.7589,0.0282743,0.564,-0.0643227,-64632,-64559,-18.7194,-26.279
50.6685,-88.7589,-0.0282743,0.676,0.07534,-64631,-64560,-18.4558,-25.0031
50.6925,-88.7589,-0.00942478,0.574,-0.0868245,-64631,-64558,-18.9831,-26.4756
50.7165,-88.7589,-0.00733038,0.634,0.0704744,-64632,-64560,-18.7194,-25.2551
50.7405,-88.7589,-0.0188496,0.605,-0.0385641,-64632,-64560,-18.7194,-25.9458
50.7645,-88.7575,-0.0230383,0.701,-0.00481171,-64632,-64559,-18.7194,-25.9846
50.7885,-88.7589,0.0167552,0.545,0.0528974,-64632,-64561,-18.7194,-25.129
50.8125,-88.7575,-0.0188496,0.645,-0.0497205,-64632,-64560,-19.2467,-25.9818
50.8365,-88.7589,0.0293215,0.57,0.00146433,-64631,-64558,-19.5104,-25.9085
50.8605,-88.7589,0.00314159,0.576,0.0205614,-64632,-64560,-19.2467,-25.5787
50.8845,-88.7589,0.00733038,0.613,0.0123784,-64632,-64561,-18.7194,-25.4007
50.9085,-88.7575,-0.0136136,0.691,0.0229702,-64632,-64562,-19.2467,-25.0438
50.9325,-88.7589,-0.00418879,0.535,-0.0339484,-64632,-64561,-19.2467,-25.6129
50.9565,-88.7589,-0.0146608,0.686,-0.0116334,-64632,-64560,-18.1921,-25.7665
50.9805,-88.7589,-0.0167552,0.596,-0.0151915,-64631,-64558,-18.9831,-25.9986
51.0045,-88.7589,0.0020944,0.577,0.0529841,-64632,-64561,-18.9831,-25.1315
51.0285,-88.7575,-0.00523599,0.6,0.0236985,-64631,-64562,-18.9831,-24.8035
51.0525,-88.7575,-0.020944,0.704,-0.0343481,-64631,-64561,-18.7194,-25.3792
51.0765,-88.7589,-0.00628319,0.69,-0.00850687,-64632,-64561,-18.4558,-25.482
51.1005,-88.7589,-0.00314159,0.651,0.0308223,-64631,-64561,-18.7194,-24.9779
51.1245,-88.7589,-0.0136136,0.68,-0.0425749,-64631,-64560,-19.774,-25.6929
51.1485,-88.7589,0.00523599,0.698,0.000327166,-64632,-64560,-18.9831,-25.6439
51.1725,-88.7589,-0.00837758,0.675,0.0456486,-64632,-64562,-18.7194,-24.9115
51.1965,-88.7589,0.020944,0.564,-0.0725123,-64633,-64561,-18.7194,-26.1229
51.2205,-88.7589,0.0240855,0.558,0.0365851,-64632,-64560,-19.2467,-25.4621
51.2445,-88.7589,-0.0282743,0.712,-0.0433161,-64632,-64559,-19.2467,-26.1953
51.2685,-88.7589,-0.0293215,0.696,0.0194963,-64633,-64560,-19.2467,-25.8387
51.2925,-88.7589,-0.0178024,0.699,0.0372452,-64632,-64561,-18.4558,-25.259
51.3165,-88.7575,-0.00837758,0.721,-0.00982625,-64631,-64560,-19.5104,-25.4543
51.3405,-88.7589,-0.0188496,0.689,0.050536,-64631,-64562,-18.9831,-24.6319
51.3645,-88.7575,-0.0020944,0.636,-0.0967817,-64632,-64560,-18.7194,-26.2381
51.3885,-88.7603,0.0020944,0.752,0.0185441,-64631,-64558,-18.7194,-25.8438
51.4125,-88.7603,-0.00837758,0.702,0.0901342,-64631,-64562,-18.7194,-24.4125
51.4365,-88.7589,-0.0178024,0.715,-0.137535,-64632,-64559,-18.4558,-26.7146
51.4605,-88.7589,-0.0272271,0.738,0.111819,-64632,-64561,-18.4558,-24.7788
51.4845,-88.7575,0.0146608,0.651,-0.0793745,-64631,-64559,-18.7194,-26.1682
51.5086,-88.7589,-0.0167552,0.698,0.113429,-64631,-64562,-18.7194,-24.2642
51.5325,-88.7589,-0.0230383,0.707,-0.102227,-64631,-64560,-18.4558,-26.0193
51.5565,-88.7589,-0.00314159,0.722,0.0244258,-64632,-64560,-19.2467,-25.5257
51.5805,-88.7575,-0.00837758,0.767,-0.0155814,-64632,-64560,-18.9831,-25.8007
51.6045,-88.7575,0.00418879,0.708,0.0108472,-64632,-64560,-18.9831,-25.6108
51.6285,-88.7589,-0.015708,0.777,-0.0326352,-64632,-64559,-18.9831,-26.1464
51.6525,-88.7589,-0.0010472,0.705,0.0136082,-64631,-64560,-20.565,-25.8947
51.6765,-88.7589,-0.0240855,0.821,-0.104946,-64632,-64558,-18.4558,-27.5963
51.7005,-88.7589,-0.00942478,0.786,0.000590529,-64631,-64559,-17.1375,-27.4817
51.7245,-88.7589,-0.0251327,0.819,-0.0348043,-64632,-64561,-20.3014,-28.0421
51.7485,-88.7589,0.0240855,0.755,0.174552,-64631,-64561,-19.2467,-25.2004
51.7725,-88.7589,-0.0188496,0.867,-0.0337096,-64631,-64561,-17.6648,-25.9172
51.7965,-88.7589,0.0125664,0.781,0.255795,-64632,-64559,-17.1375,-21.7699
51.8205,-88.7589,0.0178024,0.724,-0.37159,-64633,-64563,-18.9831,-27.9998
51.8445,-88.7589,0.00837758,0.766,0.0705293,-64633,-64564,-20.3014,-26.4944
51.8685,-88.7603,0.0146608,0.711,-0.163864,-64632,-64556,-19.5104,-29.2009
51.8925,-88.7548,-0.00523599,0.737,-0.108507,-64630,-64558,-20.565,-30.7786
51.9165,-88.7603,-0.0345575,0.854,0.0185785,-64634,-64564,-18.9831,-30.3741
51.9405,-88.7616,-0.0115192,0.801,0.277048,-64633,-64561,-17.4012,-25.9378
51.9645,-88.7575,0.0272271,0.795,0.0193664,-64631,-64557,-18.7194,-25.9054
51.9885,-88.7575,-0.00733038,0.795,0.373983,-64632,-64560,-17.9285,-19.9127
52.0125,-88.7616,-0.0251327,0.822,-0.648699,-64635,-64560,-19.2467,-30.7192
52.0365,-88.763,0,0.736,-0.405941,-64634,-64558,-19.5104,-36.5982
52.0605,-88.7548,0.0261799,0.74,0.902552,-64628,-64554,-17.6648,-21.6787
52.0845,-88.7575,-0.015708,0.824,-0.965192,-64631,-64562,-18.9831,-38.1025
52.1085,-88.763,-0.0240855,0.822,0.493842,-64636,-64566,-19.5104,-29.1968
52.1325,-88.7603,0.020944,0.739,0.377781,-64631,-64556,-18.7194,-23.6151
52.1565,-88.7561,0.015708,0.688,-0.45254,-64630,-64553,-18.7194,-31.2695
52.1805,-88.7575,-0.0303687,0.818,0.564353,-64634,-64567,-18.9831,-21.7421
52.2045,-88.7616,-0.0020944,0.734,-0.480642,-64635,-64563,-19.5104,-30.0354
52.2285,-88.7589,0.0293215,0.702,0.0414567,-64631,-64556,-17.9285,-28.8882
52.2525,-88.7548,0.0010472,0.812,0.122903,-64630,-64558,-18.1921,-26.9533
52.2765,-88.7575,0.0167552,0.744,0.036427,-64633,-64564,-19.5104,-26.4908
52.3006,-88.7616,-0.0167552,0.776,0.568333,-64633,-64562,-18.9831,-17.3887
52.3245,-88.7603,0.00733038,0.734,-0.548414,-64631,-64557,-18.7194,-26.7696
52.3485,-88.7561,0.015708,0.803,0.256348,-64630,-64564,-19.774,-22.1
52.3725,-88.7589,-0.00942478,0.861,-0.715723,-64633,-64563,-20.0377,-33.865
52.3965,-88.7603,-0.0125664,0.73,0.615418,-64631,-64559,-18.7194,-23.2534
52.4205,-88.7589,-0.0010472,0.864,-0.895825,-64632,-64560,-18.7194,-38.2763
52.4445,-88.7589,0.0219911,0.792,0.9743,-64632,-64562,-18.4558,-21.715
52.4685,-88.7575,0.0115192,0.694,-0.0913426,-64633,-64568,-19.5104,-24.1586
52.4925,-88.7465,0.0471239,0.757,2.30979,-64616,-64557,-17.6648,13.0741
52.5165,-88.774,-0.0010472,0.919,-4.54497,-64627,-64538,-18.7194,-62.3266
52.5405,-88.7712,-0.0366519,0.912,2.32481,-64636,-64546,-18.7194,-20.396
52.5645,-88.7479,-0.0188496,0.701,-0.499973,-64631,-64557,-18.4558,-30.7615
52.5886,-88.7548,-0.0324631,0.799,-0.519418,-64637,-64579,-19.2467,-38.612
52.6125,-88.7575,0.0324631,0.716,2.32687,-64630,-64562,-19.5104,-0.670569
52.6366,-88.7589,0.015708,0.821,-2.73656,-64630,-64555,-19.5104,-47.0009
52.6606,-88.7561,-0.00418879,0.807,2.37236,-64631,-64563,-18.9831,-6.11662
52.6846,-88.7616,0,0.883,-1.78995,-64634,-64563,-18.7194,-37.2492
52.7085,-88.7616,0.0010472,0.722,0.688793,-64630,-64560,-18.9831,-24.3849
52.7325,-88.7575,0.0188496,0.858,0.826787,-64625,-64551,-18.9831,-11.7774
52.7565,-88.7644,-0.0314159,0.872,-1.7274,-64635,-64565,-17.1375,-40.3795
52.7805,-88.7603,0.00523599,0.694,1.33432,-64634,-64562,-16.3465,-17.1925
52.8045,-88.7575,0.010472,0.699,-0.367076,-64631,-64553,-22.9379,-24.428
52.8285,-88.7575,-0.0293215,0.824,-0.576987,-64633,-64564,-22.4106,-33.3396
52.8525,-88.7603,-0.00628319,0.772,0.290844,-64634,-64563,-18.9831,-28.0852
52.8766,-88.7589,-0.0178024,0.716,0.777195,-64633,-64557,-22.1469,-15.8798
52.9005,-88.7575,-0.00523599,0.748,0.28367,-64630,-64561,-16.8739,-12.0955
52.9246,-88.763,-0.0251327,0.885,-0.755758,-64631,-64562,-17.4012,-24.5319
52.9486,-88.7616,0.00314159,0.768,-0.145634,-64633,-64565,-20.3014,-26.1185
52.9726,-88.7561,0.0230383,0.785,0.134234,-64630,-64554,-17.9285,-23.8142
52.9966,-88.7561,-0.0115192,0.842,-0.203934,-64633,-64570,-17.4012,-27.2249
53.0205,-88.7548,0.0125664,0.796,1.34298,-64630,-64561,-21.356,-5.41405
53.0446,-88.7671,-0.0303687,0.882,-1.89729,-64635,-64565,-19.5104,-37.2665
53.0686,-88.7548,0.00314159,0.694,1.03846,-64631,-64558,-18.1921,-18.6802
53.0925,-88.7561,0.00837758,0.736,-0.373783,-64630,-64554,-19.5104,-25.7303
53.1165,-88.7575,-0.0376991,0.848,-0.0346451,-64640,-64574,-18.4558,-25.9135
53.1405,-88.7548,0.0198968,0.718,0.702854,-64634,-64571,-19.774,-14.5772
53.1645,-88.7616,0.0167552,0.811,-0.724168,-64633,-64559,-18.9831,-26.925
53.1885,-88.7548,-0.00418879,0.788,0.14736,-64632,-64563,-18.1921,-23.8311
53.2126,-88.7548,0.0020944,0.792,0.0797675,-64630,-64556,-20.3014,-22.6956
53.2366,-88.7616,-0.0345575,0.849,-0.498555,-64636,-64564,-19.2467,-30.7919
53.2606,-88.7575,0.00837758,0.793,0.812434,-64633,-64564,-18.9831,-17.2287
53.2846,-88.7575,0.0010472,0.808,-0.559701,-64632,-64561,-19.2467,-27.0424
53.3086,-88.7561,0.00942478,0.834,0.263308,-64630,-64557,-18.7194,-22.2484
53.3326,-88.7589,-0.0146608,0.847,-0.32966,-64632,-64561,-18.1921,-27.8125
53.3566,-88.7589,0.0188496,0.741,0.195244,-64631,-64560,-18.9831,-24.3432
53.3806,-88.7603,0,0.91,-0.0451791,-64629,-64554,-19.2467,-25.2646
53.4046,-88.7575,0.00837758,0.885,0.0461161,-64631,-64561,-18.7194,-24.4773
53.4285,-88.7657,-0.0188496,0.91,-0.237464,-64630,-64553,-18.9831,-28.3432
53.4525,-88.7616,-0.0230383,0.899,0.0492277,-64633,-64553,-19.2467,-27.3142
53.4765,-88.752,-0.0020944,0.813,0.125862,-64629,-64556,-19.2467,-25.3394
53.5005,-88.7575,-0.0219911,0.777,4.29427e-05,-64636,-64568,-18.7194,-25.4648
53.5245,-88.7603,0.00523599,0.736,0.131209,-64634,-64565,-19.5104,-23.3548
53.5486,-88.7575,0.0136136,0.789,-0.185194,-64632,-64561,-18.7194,-26.4644
53.5726,-88.7575,0.010472,0.844,0.0423874,-64629,-64559,-18.7194,-25.5972
53.5966,-88.7616,-0.0125664,0.851,0.0821457,-64634,-64563,-19.5104,-24.319
53.6206,-88.7603,0.020944,0.806,-0.192232,-64633,-64558,-18.7194,-27.4921
53.6446,-88.7575,0.020944,0.712,0.114778,-64633,-64561,-18.4558,-25.4542
53.6686,-88.7589,-0.00942478,0.762,0.0485063,-64633,-64562,-18.7194,-24.7891
53.6926,-88.7603,0.020944,0.715,-0.103285,-64633,-64560,-19.2467,-26.4991
53.7166,-88.7575,0.0303687,0.783,-0.0668222,-64631,-64555,-19.5104,-27.4696
53.7406,-88.7589,-0.00314159,0.806,0.198836,-64632,-64560,-18.4558,-24.2056
53.7646,-88.7575,0.015708,0.763,-0.101963,-64632,-64561,-19.5104,-26.044
53.7886,-88.7589,-0.0188496,0.794,0.018845,-64633,-64562,-19.2467,-25.6379
53.8125,-88.7575,0,0.789,0.0261432,-64631,-64559,-18.7194,-25.2378
53.8366,-88.7589,-0.0178024,0.785,-0.013138,-64631,-64560,-18.7194,-25.475
53.8606,-88.7589,0.00523599,0.817,-0.0651505,-64632,-64559,-18.9831,-26.5095
53.8846,-88.7589,-0.0146608,0.824,0.085801,-64632,-64560,-18.7194,-25.0647
53.9086,-88.7575,-0.0230383,0.838,-0.0261484,-64632,-64561,-19.2467,-25.571
53.9326,-88.7575,-0.00314159,0.798,0.00804284,-64631,-64560,-19.2467,-25.4154
53.9566,-88.7603,-0.00418879,0.875,-0.050612,-64632,-64559,-18.7194,-26.2374
53.9806,-88.7589,-0.0167552,0.88,0.0560171,-64633,-64561,-18.4558,-25.286
54.0046,-88.7589,0.00942478,0.857,0.012858,-64631,-64561,-19.2467,-25.1353
54.0286,-88.7589,0.00418879,0.89,-0.0604881,-64633,-64561,-19.2467,-26.1209
54.0526,-88.7575,-0.0020944,0.789,-0.00828079,-64632,-64558,-19.2467,-26.1936
54.0766,-88.7589,-0.00628319,0.751,0.0521914,-64631,-64559,-19.2467,-25.3459
54.1006,-88.7589,0.00314159,0.86,-0.0816202,-64632,-64558,-18.7194,-26.7107
54.1246,-88.7575,-0.015708,0.895,0.0646233,-64632,-64559,-18.7194,-25.5899
54.1486,-88.7589,0.00314159,0.829,0.0449229,-64632,-64562,-18.7194,-24.9312
54.1726,-88.7589,-0.0219911,0.881,-0.0912329,-64632,-64559,-18.7194,-26.4446
54.1966,-88.7589,-0.00628319,0.895,-0.00980148,-64633,-64558,-19.5104,-26.5109
54.2206,-88.7589,-0.0251327,0.921,0.125838,-64631,-64561,-18.9831,-24.4776
54.2446,-88.7589,0.00837758,0.899,-0.0803185,-64632,-64561,-18.9831,-25.8944
54.2686,-88.7589,-0.0167552,0.934,0.0358795,-64632,-64561,-18.9831,-25.2372
54.2926,-88.7589,-0.00837758,0.885,-0.0619783,-64632,-64559,-18.9831,-26.2701
54.3166,-88.7589,0.00523599,0.879,0.049096,-64632,-64560,-18.4558,-25.4185
54.3406,-88.7575,-0.0115192,0.905,0.026666,-64631,-64561,-18.7194,-25.0387
54.3646,-88.7575,0.00628319,0.836,-0.0585937,-64633,-64561,-18.7194,-26.0076
54.3886,-88.7575,0.00418879,0.836,0.0502486,-64632,-64561,-18.9831,-25.141
54.4126,-88.7589,-0.0303687,0.938,-0.0248612,-64631,-64560,-18.9831,-25.5918
54.4366,-88.7589,-0.00733038,0.885,-0.0102617,-64632,-64560,-18.7194,-25.7311
54.4606,-88.7575,0.00733038,0.92,0.0277171,-64631,-64560,-18.7194,-25.2754
54.4846,-88.7589,-0.0146608,0.954,-0.0127904,-64632,-64561,-18.9831,-25.5088
54.5086,-88.7589,-0.0125664,0.92,-0.0178709,-64632,-64560,-19.2467,-25.7818
54.5326,-88.7589,-0.0251327,0.943,0.0524368,-64631,-64561,-18.7194,-24.9221
54.5566,-88.7603,-0.00837758,0.99,-0.0895327,-64631,-64558,-18.4558,-26.4159
54.5806,-88.7589,0,0.924,0.0622284,-64631,-64559,-18.7194,-25.3244
54.6046,-88.7575,-0.00942478,0.958,0.0183325,-64631,-64561,-18.7194,-25.0924
54.6286,-88.7589,-0.010472,0.918,-0.0548472,-64632,-64560,-19.2467,-25.9937
54.6526,-88.7589,0.0020944,0.997,-0.0345501,-64632,-64560,-18.7194,-26.4954
54.6766,-88.7589,-0.0303687,1.012,0.0232529,-64632,-64561,-19.2467,-26.0848
54.7006,-88.7589,0.00523599,0.957,-0.125987,-64632,-64562,-19.774,-28.1354
54.7246,-88.7575,-0.010472,0.968,0.0191149,-64632,-64560,-18.1921,-27.7019
54.7486,-88.7575,0,0.963,0.0422754,-64632,-64559,-18.9831,-27.0414
54.7726,-88.7616,-0.0178024,0.926,0.450327,-64635,-64565,-19.2467,-19.8422
54.7966,-88.7589,-0.0020944,0.923,-0.64108,-64630,-64556,-18.1921,-30.6013
54.8206,-88.7603,0.00733038,0.975,0.149466,-64628,-64552,-19.2467,-27.5568
54.8446,-88.7616,-0.0219911,1.049,0.328566,-64634,-64566,-17.1375,-22.4228
54.8686,-88.7616,-0.0167552,1.049,-0.739522,-64633,-64561,-13.1827,-34.64
54.8926,-88.7548,0.0324631,0.88,0.0907473,-64630,-64554,-16.8739,-32.4418
54.9166,-88.7561,-0.00837758,0.945,0.517238,-64630,-64560,-20.8287,-24.2149
54.9406,-88.7603,-0.0178024,0.901,0.632144,-64637,-64574,-21.0923,-14.5659
54.9646,-88.7575,0.0272271,0.872,-1.46156,-64629,-64552,-15.5556,-38.6965
54.9886,-88.7561,0.0261799,0.947,0.714392,-64622,-64549,-18.4558,-25.7465
55.0126,-88.7657,-0.015708,1.052,0.309087,-64635,-64569,-18.9831,-21.4906
55.0366,-88.7657,0.00418879,1.013,-1.1863,-64632,-64556,-18.7194,-40.874
55.0606,-88.7575,0.00942478,0.95,0.885871,-64630,-64553,-18.9831,-25.442
55.0846,-88.7548,0.0115192,0.859,-0.00154213,-64629,-64564,-18.4558,-26.3528
55.1086,-88.7657,-0.0324631,1.013,0.430414,-64638,-64567,-18.7194,-19.4302
55.1326,-88.7603,0.00837758,0.882,-0.897599,-64634,-64562,-18.7194,-34.2939
55.1566,-88.7465,0.0115192,0.83,0.174804,-64627,-64558,-19.2467,-30.5853
55.1806,-88.7603,-0.0272271,1.004,0.322233,-64634,-64566,-18.4558,-25.5781
55.2046,-88.7616,0.0020944,0.866,-0.852816,-64632,-64559,-18.9831,-39.6018
55.2286,-88.7575,0.0261799,0.853,1.68318,-64630,-64556,-17.9285,-11.6821
55.2526,-88.7561,-0.0230383,0.942,-0.944293,-64633,-64564,-19.774,-28.5455
55.2766,-88.7589,0.00837758,0.866,0.667514,-64632,-64565,-20.3014,-16.8681
55.3006,-88.7575,0.0115192,0.879,-1.09079,-64631,-64559,-18.4558,-35.0783
55.3246,-88.7575,-0.0178024,1.036,0.910063,-64631,-64563,-18.4558,-19.3542
55.3486,-88.7589,-0.00733038,0.952,-0.958197,-64631,-64559,-19.5104,-35.6741
55.3726,-88.7575,0,0.896,0.995753,-64633,-64561,-19.2467,-18.7018
55.3966,-88.7575,0.00314159,0.971,-0.646645,-64632,-64562,-17.1375,-30.0945
55.4206,-88.7575,0.0146608,0.911,0.110272,-64631,-64558,-20.0377,-27.6749
55.4446,-88.7575,-0.00733038,0.957,0.432202,-64633,-64563,-20.565,-20.8364
55.4686,-88.7589,0.0251327,0.884,-1.04545,-64632,-64560,-16.8739,-38.081
55.4926,-88.7603,-0.015708,0.998,1.05244,-64630,-64555,-18.9831,-20.1113
55.5166,-88.7603,-0.00942478,0.966,0.115649,-64633,-64558,-20.565,-19.304
55.5406,-88.7561,-0.0020944,0.865,-0.355969,-64632,-64562,-19.2467,-25.144
55.5646,-88.7589,0.015708,0.906,0.337735,-64632,-64561,-17.6648,-19.3601
55.5886,-88.7575,0.0178024,0.925,-0.785613,-64632,-64563,-18.7194,-32.342
55.6126,-88.7561,0,0.844,0.616032,-64631,-64559,-21.0923,-21.6557
55.6366,-88.7603,-0.0115192,0.989,-0.0995534,-64632,-64564,-17.9285,-23.8741
55.6606,-88.7603,0.010472,1.027,0.72155,-64632,-64561,-20.3014,-12.1722
55.6846,-88.7548,0.0408407,0.853,-0.888384,-64628,-64557,-20.8287,-27.1795
55.7086,-88.7589,-0.00837758,1.02,0.0226808,-64631,-64560,-15.5556,-25.9265
55.7326,-88.763,-0.0219911,0.969,0.310835,-64635,-64567,-17.9285,-20.9509
55.7566,-88.7589,0.0167552,0.951,-1.08286,-64631,-64558,-19.774,-38.6786
55.7806,-88.7575,-0.0010472,0.878,0.0559276,-64630,-64558,-20.8287,-36.6957
55.8046,-88.7575,-0.0198968,1.028,0.902774,-64632,-64564,-19.5104,-22.235
55.8286,-88.7603,-0.0146608,0.952,-0.621814,-64634,-64563,-18.9831,-33.1385
55.8526,-88.7575,0.00837758,0.884,0.363131,-64631,-64557,-19.2467,-26.6775
55.8766,-88.7575,0.0240855,0.971,0.602847,-64632,-64558,-19.2467,-17.3465
55.9006,-88.7575,0.020944,0.879,-0.417532,-64633,-64561,-18.9831,-24.6642
55.9246,-88.7589,0.00418879,0.864,0.285047,-64632,-64561,-18.9831,-19.6632
55.9486,-88.7589,0.00314159,0.901,-0.240489,-64632,-64561,-18.9831,-23.8159
55.9726,-88.7575,0.00837758,0.912,0.467145,-64632,-64562,-18.7194,-16.0635
55.9966,-88.7589,0.0125664,0.916,0.0373378,-64632,-64561,-18.4558,-15.9296
56.0206,-88.7575,0.0115192,0.921,-0.359796,-64631,-64560,-19.774,-21.7547
56.0446,-88.7575,0.0219911,0.902,0.239911,-64633,-64563,-18.7194,-17.5369
56.0686,-88.7589,-0.0020944,0.882,-1.01863,-64633,-64562,-18.9831,-34.1569
56.0926,-88.7589,-0.015708,0.909,0.791397,-64633,-64561,-18.1921,-20.4125
56.1166,-88.7575,0.0010472,0.938,-0.531628,-64631,-64559,-17.4012,-29.7534
56.1406,-88.7589,-0.00418879,0.907,0.736289,-64632,-64558,-18.4558,-17.3819
56.1646,-88.7575,0.0020944,0.967,-0.450759,-64632,-64560,-19.2467,-25.3675
56.1886,-88.7575,0.020944,0.894,0.200906,-64632,-64559,-17.1375,-21.6861
56.2126,-88.7589,-0.0136136,0.973,-0.344473,-64632,-64561,-17.1375,-27.4265
56.2366,-88.7575,0.010472,0.832,0.23926,-64631,-64560,-18.9831,-23.2346
56.2606,-88.7589,0.0115192,0.929,-0.328832,-64633,-64559,-19.774,-28.7619
56.2846,-88.7589,-0.00628319,0.891,0.534724,-64632,-64562,-19.5104,-19.8347
56.3086,-88.7603,-0.00418879,0.959,-0.385076,-64631,-64560,-18.1921,-26.5624
56.3326,-88.7589,0.0125664,0.881,0.171776,-64632,-64559,-19.5104,-23.4149
56.3566,-88.7603,0.0146608,0.849,-0.132659,-64632,-64560,-19.5104,-25.7167
56.3806,-88.7589,-0.00837758,0.865,0.02248,-64630,-64559,-18.4558,-25.3188
56.4066,-88.7575,0.010472,0.883,-0.0226399,-64631,-64559,-19.2467,-25.584
56.4306,-88.7575,-0.010472,0.913,0.0158845,-64631,-64560,-18.9831,-25.3059
56.4546,-88.7589,-0.00628319,0.892,0.0443242,-64631,-64561,-20.0377,-24.6093
56.4786,-88.7575,0.0010472,0.905,-0.0857447,-64631,-64559,-18.1921,-26.0316
56.5026,-88.7575,0.020944,0.901,-0.00524885,-64632,-64559,-21.0923,-26.0306
56.5266,-88.7589,-0.015708,0.882,-0.000607049,-64631,-64558,-20.565,-26.035
56.5506,-88.7589,-0.010472,0.966,0.0385182,-64632,-64560,-17.4012,-25.4151
56.5746,-88.7589,0.0125664,0.857,0.00596672,-64631,-64560,-19.5104,-25.358
56.5986,-88.7589,-0.0146608,0.91,-0.00628788,-64632,-64561,-20.3014,-25.4651
56.6226,-88.7589,-0.00837758,0.936,-0.0477628,-64632,-64559,-18.1921,-26.2257
56.6466,-88.7575,-0.00314159,0.987,0.0206074,-64631,-64558,-18.1921,-25.846
56.6706,-88.7575,0.00628319,0.967,0.0433254,-64631,-64560,-18.9831,-25.172
56.6946,-88.7575,0.015708,0.957,-0.0445282,-64632,-64560,-18.9831,-25.9281
56.7186,-88.7575,0.0136136,0.931,0.0908656,-64631,-64562,-18.7194,-24.4238
56.7426,-88.7589,0.0010472,0.969,-0.112444,-64631,-64559,-18.9831,-26.3232
56.7666,-88.7589,0.00523599,0.91,0.128729,-64631,-64562,-19.2467,-24.1406
56.7906,-88.7575,0.0178024,0.911,-0.113413,-64631,-64560,-19.2467,-26.093
56.8146,-88.7575,-0.00523599,0.927,0.0533431,-64632,-64561,-19.5104,-25.1219
56.8386,-88.7575,-0.0020944,0.941,-0.0255316,-64631,-64560,-17.9285,-25.5865
56.8626,-88.7589,0.00523599,0.878,0.0392828,-64632,-64562,-19.774,-24.9283
56.8866,-88.7575,0.00523599,0.941,-0.0682132,-64632,-64560,-18.7194,-26.0647
56.9106,-88.7589,-0.020944,0.936,0.0758263,-64631,-64561,-18.4558,-24.7774
56.9346,-88.7575,0.00418879,0.901,-0.0772723,-64632,-64560,-18.7194,-26.0954
56.9586,-88.7575,0.0198968,0.929,0.0555615,-64632,-64561,-18.7194,-25.125
56.9826,-88.7589,0.0010472,0.904,-0.0477803,-64632,-64560,-18.7194,-25.9483
57.0066,-88.7589,-0.0010472,0.897,0.0212848,-64631,-64559,-18.7194,-25.5583
57.0306,-88.7575,0.00523599,0.933,-0.0365184,-64632,-64559,-18.7194,-26.1679
57.0546,-88.7603,0,0.891,0.115377,-64631,-64562,-18.9831,-24.2754
57.0786,-88.7589,0.00314159,0.935,-0.124691,-64632,-64560,-18.4558,-26.3915
57.1026,-88.7575,0.0125664,0.905,0.0570739,-64631,-64559,-18.7194,-25.3511
57.1266,-88.7575,-0.00733038,0.861,0.0201527,-64631,-64561,-18.9831,-25.084
57.1506,-88.7589,-0.0125664,0.958,-0.0308317,-64631,-64560,-18.4558,-25.6002
57.1746,-88.7575,0.00837758,0.96,0.0153299,-64631,-64560,-19.2467,-25.3226
57.1986,-88.7589,0.0010472,0.955,-0.0338395,-64631,-64559,-18.9831,-25.8824
57.2226,-88.7575,-0.00523599,0.963,0.015514,-64632,-64560,-18.9831,-25.5988
57.2466,-88.7575,0.00418879,0.936,0.0153841,-64632,-64561,-18.9831,-25.3672
57.2706,-88.7589,-0.00418879,0.969,-0.0295558,-64631,-64559,-19.2467,-25.8578
57.2946,-88.7603,0.00314159,0.903,-0.0104635,-64632,-64559,-18.9831,-25.9965
57.3186,-88.7575,0,0.955,0.0035841,-64632,-64559,-18.9831,-25.9283
57.3426,-88.7575,0.00314159,0.98,0.0472445,-64632,-64561,-18.4558,-25.1723
57.3666,-88.7589,0.00733038,0.908,-0.0704987,-64632,-64559,-18.9831,-26.3528
57.3906,-88.7589,-0.0125664,0.95,0.0818172,-64631,-64560,-18.9831,-24.9669
57.4146,-88.7575,-0.00523599,0.891,-0.0395688,-64631,-64560,-18.7194,-25.6846
57.4386,-88.7575,0.00523599,0.894,0.0226439,-64631,-64560,-18.9831,-25.28
57.4626,-88.7575,-0.015708,0.942,-0.0124822,-64631,-64560,-18.9831,-25.5046
57.4866,-88.7589,0,0.93,0.00586928,-64632,-64561,-19.2467,-25.3979
57.5106,-88.7575,-0.0251327,0.937,-0.0039521,-64632,-64561,-18.7194,-25.4672
57.5346,-88.7575,-0.0010472,0.881,0.00503395,-64631,-64560,-19.2467,-25.3823
57.5586,-88.7575,-0.00418879,0.897,-0.00518397,-64631,-64560,-18.7194,-25.4708
57.5826,-88.7589,0.0010472,0.944,0.00369495,-64631,-64560,-18.9831,-25.4062
57.6066,-88.7575,0.020944,0.911,-0.00148179,-64632,-64561,-18.9831,-25.4336
57.6306,-88.7575,0.00418879,0.88,-0.0238053,-64632,-64560,-18.4558,-25.8152
57.6546,-88.7589,0.020944,0.869,-0.021682,-64632,-64561,-18.9831,-26.1396
57.6786,-88.7589,-0.00314159,0.999,-0.00104526,-64631,-64560,-18.9831,-26.135
57.7026,-88.7575,0.0272271,0.824,-0.154834,-64632,-64559,-18.1921,-28.6238
57.7266,-88.7589,0.0251327,0.87,0.120301,-64631,-64562,-18.7194,-26.5344
57.7506,-88.7589,0.00418879,0.895,0.0165433,-64632,-64561,-18.9831,-26.3883
57.7746,-88.7589,0.0178024,0.848,0.0485737,-64631,-64560,-19.2467,-25.6241
57.7986,-88.7575,0.00733038,0.878,0.233776,-64631,-64559,-18.7194,-21.9135
57.8226,-88.7589,0,0.9,-0.347503,-64633,-64563,-18.7194,-27.7296
57.8466,-88.7561,0.00837758,0.834,0.091709,-64632,-64564,-19.2467,-25.9089
57.8706,-88.7589,0.0198968,0.83,-0.240592,-64631,-64556,-18.9831,-29.8699
57.8946,-88.7548,0.00418879,0.784,0.0347206,-64630,-64559,-18.9831,-29.0708
57.9186,-88.7603,-0.010472,0.934,-0.164955,-64633,-64563,-18.9831,-31.758
57.9426,-88.7616,-0.010472,0.921,0.37823,-64633,-64561,-18.9831,-25.5109
57.9666,-88.7575,0.0429351,0.769,-0.0369745,-64630,-64556,-18.4558,-26.4838
57.9906,-88.7561,0.0345575,0.818,0.486094,-64632,-64560,-18.7194,-18.63
58.0146,-88.7616,-0.0251327,0.902,-0.771318,-64636,-64562,-18.7194,-31.5193
58.0386,-88.763,-0.010472,0.819,-0.245267,-64634,-64560,-19.2467,-34.6924
58.0626,-88.7534,0.0219911,0.766,0.710823,-64628,-64552,-19.5104,-23.017
58.0866,-88.7561,-0.0178024,0.86,-0.973822,-64632,-64562,-18.7194,-39.3879
58.1106,-88.763,-0.0251327,0.831,0.675954,-64637,-64569,-18.9831,-27.5433
58.1346,-88.7603,0.0272271,0.791,0.129088,-64631,-64553,-18.7194,-26.1432
58.1586,-88.7561,-0.0198968,0.869,-0.00180651,-64629,-64552,-18.4558,-26.3015
58.1826,-88.7589,-0.0387463,0.908,0.0560901,-64634,-64569,-19.5104,-25.397
58.2066,-88.7616,0.0240855,0.766,-0.283931,-64635,-64568,-18.7194,-30.0208
58.2306,-88.7575,0.0303687,0.782,0.160069,-64631,-64558,-18.7194,-27.1627
58.2546,-88.7506,-0.0020944,0.836,-0.247993,-64633,-64562,-18.7194,-31.3109
58.2786,-88.7561,0.0020944,0.765,1.55321,-64636,-64577,-19.2467,-6.08629
58.3026,-88.7671,0.0125664,0.851,-1.49327,-64635,-64559,-18.1921,-31.6523
58.3266,-88.7603,0.0125664,0.773,0.0233831,-64630,-64551,-17.9285,-29.783
58.3506,-88.752,-0.0136136,0.803,0.553911,-64628,-64554,-20.0377,-20.8988
58.3746,-88.7589,-0.0439823,0.921,-0.829677,-64635,-64570,-19.774,-34.7934
58.3986,-88.763,-0.0303687,0.874,0.64168,-64636,-64564,-18.4558,-23.6445
58.4226,-88.7575,0.0240855,0.807,-0.672793,-64631,-64556,-19.2467,-35.1035
58.4466,-88.7561,0.0240855,0.783,0.605198,-64630,-64556,-19.2467,-24.6982
58.4706,-88.7836,-0.0638791,0.918,0.691235,-64650,-64581,-18.7194,-14.1942
58.4946,-88.7905,-0.0345575,0.912,1.24034,-64654,-64587,-17.1375,5.07322
58.5186,-88.752,0.0198968,-0.042,-0.733944,-64629,-64552,-17.9285,-13.4201
58.5546,-88.7699,-0.0387463,0.106,-0.726295,-64642,-64573,-20.565,-24.0931
58.5786,-88.7973,-0.0523599,0.126,0.0979003,-64665,-64606,-18.7194,-21.7937
58.6026,-88.7905,-0.0303687,-0.07,-0.0416509,-64676,-64619,-17.6648,-22.5611
58.6266,-88.7877,0.0513127,-0.09,-0.240205,-64653,-64579,-20.565,-26.3822
58.6506,-88.8001,-0.0146608,0.052,0.297448,-64670,-64607,-20.0377,-21.3586
58.6746,-88.8152,0.0188496,0.053,-0.191272,-64672,-64607,-18.4558,-24.7314
58.6986,-88.8193,0.0167552,0.09,-0.349186,-64670,-64588,-18.1921,-30.1551
58.7226,-88.8124,-0.0125664,0.083,0.418511,-64672,-64601,-19.2467,-23.0757
58.7466,-88.8166,-0.0335103,0.116,-0.133634,-64676,-64609,-20.0377,-25.643
58.7706,-88.8207,-0.020944,0.105,0.045503,-64676,-64605,-17.9285,-24.7776
58.7946,-88.8179,0.0240855,0.026,-0.07004,-64674,-64602,-18.7194,-25.9495
58.8186,-88.8166,0.00523599,0.079,0.0942961,-64674,-64605,-19.5104,-24.3631
58.8426,-88.8193,-0.00523599,0.11,-0.0717777,-64675,-64605,-18.9831,-25.61
58.8666,-88.8179,-0.00733038,0.08,0.0126355,-64675,-64604,-18.1921,-25.337
58.8906,-88.8179,-0.0167552,0.026,-0.0428578,-64674,-64602,-18.7194,-26.0358
58.9146,-88.8166,0.00523599,0.046,0.0359956,-64674,-64602,-18.9831,-25.4163
58.9386,-88.8179,-0.00733038,0.108,0.0283763,-64675,-64605,-17.4012,-24.994
58.9626,-88.8193,-0.00628319,0.113,-0.0589241,-64676,-64604,-16.3465,-25.9711
58.9866,-88.8193,0.00837758,0.044,-0.00911928,-64675,-64602,-21.0923,-26.0601
59.0106,-88.8193,0.0010472,0.063,0.0918383,-64676,-64607,-22.4106,-24.5728
59.0346,-88.8193,-0.00418879,0.096,-0.139495,-64675,-64601,-19.774,-26.9093
59.0586,-88.8193,-0.0146608,0.106,0.145502,-64676,-64607,-15.5556,-24.43
59.0826,-88.8179,0.0136136,0.113,-0.122701,-64674,-64600,-14.501,-26.5493
59.1066,-88.8166,-0.0146608,0.175,0.114498,-64675,-64605,-21.6196,-24.5852
59.1306,-88.8193,-0.00523599,0.168,-0.062166,-64676,-64605,-20.3014,-25.7015
59.1546,-88.8193,-0.010472,0.12,0.0275599,-64676,-64605,-18.7194,-25.1947
59.1786,-88.8179,0,0.135,-0.0185376,-64676,-64605,-18.4558,-25.52
59.2026,-88.8193,-0.00314159,0.101,-0.064686,-64676,-64602,-17.6648,-26.5389
59.2266,-88.8193,-0.0020944,0.114,0.0507305,-64676,-64603,-18.4558,-25.6606
59.2506,-88.8193,-0.0178024,0.135,-0.0251912,-64676,-64603,-17.6648,-26.1162
59.2746,-88.8179,0.00523599,0.167,0.0614662,-64675,-64604,-18.1921,-25.1025
59.2986,-88.8193,-0.00942478,0.147,-0.0749547,-64676,-64603,-18.1921,-26.3696
59.3226,-88.8207,-0.020944,0.193,0.0342725,-64676,-64603,-17.1375,-25.7437
59.3466,-88.8179,-0.00733038,0.195,0.00678563,-64676,-64604,-21.8833,-25.6684
59.3706,-88.8179,0.00628319,0.144,0.0221986,-64676,-64605,-22.6742,-25.3186
59.3946,-88.8179,-0.0219911,0.195,-0.00883721,-64676,-64605,-18.7194,-25.4825
59.4186,-88.8179,-0.0219911,0.256,-0.0220067,-64676,-64604,-12.6554,-25.8278
59.4426,-88.8193,-0.0146608,0.118,0.0622227,-64675,-64605,-17.1375,-24.8048
59.4666,-88.8179,-0.0230383,0.242,-0.0798429,-64676,-64604,-21.356,-26.1516
59.4906,-88.8179,-0.00418879,0.265,0.0136202,-64675,-64602,-22.1469,-25.8524
59.5146,-88.8179,-0.0125664,0.246,0.0358089,-64675,-64604,-19.2467,-25.2905
59.5386,-88.8179,0.010472,0.196,-0.0796502,-64676,-64602,-19.2467,-26.6054
59.5626,-88.8193,-0.00418879,0.19,0.0789498,-64677,-64605,-17.4012,-25.2572
59.5866,-88.8179,-0.0125664,0.214,-0.0356157,-64677,-64605,-18.1921,-25.9091
59.6106,-88.8179,0.00523599,0.22,0.0933865,-64676,-64607,-19.5104,-24.3718
59.6346,-88.8193,-0.0115192,0.295,-0.170066,-64676,-64602,-16.8739,-27.1959
59.6586,-88.8193,-0.0188496,0.212,0.128772,-64676,-64604,-17.9285,-24.9563
59.6826,-88.8193,0.0146608,0.257,-0.0606898,-64676,-64604,-18.9831,-26.0608
59.7066,-88.8193,0.0251327,0.221,0.0583408,-64675,-64604,-20.0377,-25.0621
59.7306,-88.8179,-0.010472,0.267,-0.0330877,-64675,-64604,-18.7194,-25.6523
59.7546,-88.8179,-0.00314159,0.219,0.0462597,-64676,-64606,-17.9285,-24.8754
59.7786,-88.8193,-0.0125664,0.266,-0.0762448,-64676,-64604,-20.565,-26.1477
59.8026,-88.8179,-0.0115192,0.296,0.0873936,-64676,-64606,-19.2467,-24.6661
59.8266,-88.8193,-0.0324631,0.331,-0.0897814,-64676,-64604,-17.9285,-26.1973
59.8506,-88.8179,0.010472,0.22,0.0426734,-64676,-64604,-19.774,-25.4216
59.8746,-88.8193,0.00314159,0.228,-0.0199907,-64675,-64603,-18.4558,-25.8893
59.9,-88.8179,0.00837758,0.288,0.0373758,-64675,-64604,-17.9285,-25.163
59.9236,-88.8193,-0.0020944,0.304,0.00518235,-64676,-64606,-18.1921,-25.1427
59.9476,-88.8193,-0.0146608,0.247,-0.00229097,-64675,-64605,-21.6196,-25.1861
59.9716,-88.8179,0.0240855,0.186,-0.0227461,-64676,-64605,-19.5104,-25.5491
59.9956,-88.8193,-0.00628319,0.24,0.00826629,-64676,-64605,-18.4558,-25.3919
60.0196,-88.8179,-0.0136136,0.261,-0.00184833,-64676,-64605,-17.9285,-25.4314
60.0436,-88.8193,-0.0115192,0.289,-0.00089508,-64676,-64605,-19.5104,-25.4441
60.0676,-88.8193,-0.00837758,0.273,-0.0740603,-64677,-64603,-18.4558,-26.6339
60.0916,-88.8193,0.00628319,0.276,0.135748,-64676,-64606,-18.9831,-24.377
60.1156,-88.8193,-0.00733038,0.345,-0.11499,-64676,-64604,-19.2467,-26.3618
60.1396,-88.8193,-0.00942478,0.344,0.0558098,-64676,-64604,-19.5104,-25.3495
60.1636,-88.8193,-0.00837758,0.3,-0.03019,-64676,-64604,-17.9285,-25.8907
60.1876,-88.8193,0,0.257,0.0414956,-64676,-64605,-18.7194,-25.1932
60.2116,-88.8193,-0.00523599,0.254,-0.0225907,-64676,-64605,-18.9831,-25.5984
60.2356,-88.8193,-0.010472,0.334,0.0382901,-64676,-64606,-18.9831,-24.9595
60.2596,-88.8193,-0.0178024,0.344,-0.0653483,-64677,-64605,-18.7194,-26.0496
60.2836,-88.8179,-0.0167552,0.305,0.0283202,-64676,-64604,-18.9831,-25.5283
60.3076,-88.8193,-0.00733038,0.256,-0.00918428,-64676,-64604,-18.9831,-25.7046
60.3316,-88.8193,-0.0303687,0.345,-0.0014301,-64675,-64603,-19.5104,-25.7186
60.3556,-88.8193,0.00314159,0.25,0.00403309,-64676,-64604,-18.7194,-25.65
60.3796,-88.8193,-0.0146608,0.331,0.0213681,-64676,-64605,-18.4558,-25.3129
60.4036,-88.8207,-0.00733038,0.392,-0.0378619,-64676,-64604,-18.1921,-25.942
60.4276,-88.8179,-0.00418879,0.371,0.0235118,-64676,-64604,-18.9831,-25.5267
60.4516,-88.8193,0.0230383,0.325,-0.0137448,-64677,-64605,-18.4558,-25.7714
60.4756,-88.8193,-0.0261799,0.422,-0.0194836,-64676,-64603,-18.4558,-26.0703
60.4996,-88.8179,-0.0136136,0.382,0.0593774,-64676,-64605,-18.7194,-25.0963
60.5236,-88.8193,-0.0219911,0.423,-0.0285898,-64675,-64604,-19.2467,-25.6158
60.5476,-88.8179,-0.0219911,0.407,0.0172494,-64676,-64605,-18.7194,-25.3093
60.5716,-88.8193,0.0010472,0.404,-0.0342576,-64676,-64604,-18.7194,-25.878
60.5956,-88.8193,-0.015708,0.454,0.0354934,-64676,-64605,-19.5104,-25.273
60.6196,-88.8193,-0.0167552,0.433,-0.033461,-64677,-64605,-18.7194,-25.8457
60.6436,-88.8193,-0.00418879,0.405,0.0562682,-64676,-64606,-18.7194,-24.9078
60.6676,-88.8179,-0.00837758,0.419,-0.113801,-64677,-64603,-19.2467,-26.7943
60.6916,-88.8193,-0.0282743,0.435,0.0942205,-64676,-64604,-19.2467,-25.1652
60.7156,-88.8193,-0.00837758,0.407,0.00340853,-64675,-64605,-18.9831,-25.2046
60.7396,-88.8207,-0.00628319,0.453,-0.0425768,-64675,-64603,-18.9831,-25.8908
60.7636,-88.8193,-0.0230383,0.45,0.0387905,-64676,-64605,-19.2467,-25.2257
60.7876,-88.8179,0.010472,0.416,-0.0149754,-64677,-64606,-18.9831,-25.5059
60.8116,-88.8179,0.00942478,0.343,0.0813413,-64675,-64607,-19.5104,-24.1825
60.8356,-88.8193,-0.0167552,0.481,-0.113444,-64676,-64605,-19.2467,-26.0884
60.8596,-88.8179,-0.0167552,0.502,0.0310204,-64676,-64604,-18.4558,-25.4761
60.8836,-88.8179,-0.010472,0.479,-0.0203982,-64676,-64604,-18.9831,-25.8353
60.9076,-88.8179,-0.0251327,0.521,-0.0126394,-64676,-64603,-18.7194,-26.0177
60.9316,-88.8179,-0.00628319,0.481,-0.0169245,-64676,-64602,-18.7194,-26.2775
60.9556,-88.8179,0.0167552,0.405,0.0757085,-64676,-64605,-18.7194,-25.0431
60.9796,-88.8179,-0.0219911,0.509,-0.00406719,-64675,-64605,-18.7194,-25.2495
61.0046,-88.8193,-0.0198968,0.482,-0.0193811,-64676,-64605,-18.7194,-25.4941
61.0286,-88.8193,-0.0136136,0.468,-0.0180606,-64676,-64604,-18.4558,-25.7655
61.0526,-88.8193,-0.020944,0.466,0.0551324,-64675,-64605,-18.7194,-24.8607
61.0766,-88.8193,-0.00314159,0.469,-0.0228098,-64675,-64605,-19.2467,-25.3577
